0,UNK
1,SEN_END
2,SEN_START
3,.
4,the
5,","
6,i
7,to
8,a
9,and
10,it
11,you
12,of
13,that
14,is
15,in
16,'s
17,for
18,n't
19,?
20,this
21,have
22,on
23,but
24,be
25,do
26,)
27,was
28,with
29,not
30,are
31,:
32,if
33,they
34,(
35,!
36,my
37,as
38,just
39,so
40,like
41,your
42,or
43,[
44,]
45,he
46,at
47,''
48,would
49,can
50,what
51,``
52,;
53,there
54,all
55,me
56,about
57,we
58,one
59,'m
60,get
61,from
62,more
63,an
64,out
65,people
66,...
67,up
68,no
69,will
70,&
71,when
72,think
73,them
74,some
75,'re
76,how
77,because
78,has
79,did
80,really
81,time
82,good
83,know
84,by
85,does
86,deleted
87,their
88,who
89,had
90,only
91,than
92,then
93,gt
94,his
95,any
96,also
97,even
98,could
99,'ve
100,much
101,now
102,she
103,other
104,see
105,been
106,make
107,well
108,were
109,want
110,too
111,should
112,-
113,still
114,him
115,go
116,her
117,way
118,game
119,http
120,which
121,here
122,got
123,going
124,being
125,something
126,'ll
127,why
128,very
129,right
130,'d
131,most
132,into
133,need
134,same
135,back
136,first
137,never
138,say
139,use
140,over
141,though
142,better
143,*
144,those
145,ca
146,sure
147,work
148,where
149,lot
150,https
151,thing
152,am
153,after
154,pretty
155,off
156,its
157,actually
158,before
159,things
160,new
161,take
162,someone
163,probably
164,%
165,said
166,these
167,thanks
168,great
169,look
170,around
171,down
172,every
173,love
174,amp
175,while
176,always
177,please
178,try
179,our
180,post
181,two
182,feel
183,us
184,2
185,many
186,anything
187,maybe
188,play
189,find
190,since
191,shit
192,yeah
193,years
194,day
195,few
196,best
197,point
198,might
199,made
200,bad
201,little
202,long
203,man
204,last
205,enough
206,getting
207,'
208,$
209,give
210,year
211,yes
212,mean
213,doing
214,3
215,--
216,used
217,ever
218,again
219,both
220,different
221,keep
222,through
223,life
224,thought
225,may
226,let
227,guy
228,already
229,own
230,makes
231,without
232,put
233,least
234,help
235,everyone
236,money
237,another
238,bit
239,trying
240,#
241,read
242,having
243,1
244,looking
245,hard
246,nothing
247,games
248,nice
249,come
250,fuck
251,part
252,looks
253,old
254,done
255,end
256,less
257,oh
258,far
259,big
260,person
261,stuff
262,either
263,next
264,world
265,kind
266,saying
267,seems
268,once
269,lol
270,using
271,fucking
272,start
273,everything
274,else
275,problem
276,times
277,tell
278,able
279,reason
280,place
281,away
282,show
283,question
284,team
285,thank
286,wrong
287,idea
288,making
289,such
290,real
291,until
292,seen
293,definitely
294,anyone
295,high
296,guess
297,against
298,each
299,change
300,believe
301,free
302,went
303,wo
304,case
305,na
306,fun
307,hope
308,yet
309,top
310,sorry
311,between
312,playing
313,guys
314,run
315,live
316,5
317,buy
318,almost
319,watch
320,days
321,fact
322,comment
323,whole
324,questions
325,full
326,4
327,etc
328,true
329,remember
330,ago
331,stop
332,week
333,friends
334,gets
335,understand
336,talking
337,check
338,edit
339,subreddit
340,10
341,second
342,instead
343,set
344,job
345,level
346,found
347,name
348,sounds
349,reddit
350,video
351,players
352,care
353,wanted
354,started
355,school
356,especially
357,action
358,usually
359,cool
360,ask
361,mind
362,left
363,women
364,pay
365,agree
366,**
367,awesome
368,op
369,quite
370,sense
371,side
372,yourself
373,during
374,myself
375,link
376,exactly
377,story
378,means
379,fine
380,however
381,rather
382,power
383,seem
384,contact
385,issue
386,wait
387,system
388,god
389,add
390,talk
391,taking
392,automatically
393,others
394,must
395,friend
396,call
397,sometimes
398,matter
399,hate
400,needs
401,experience
402,working
403,hit
404,bot
405,course
406,line
407,easy
408,happen
409,car
410,happened
411,likely
412,amazing
413,movie
414,ones
415,under
416,home
417,worth
418,tried
419,white
420,saw
421,damn
422,possible
423,came
424,small
425,unless
426,took
427,thinking
428,night
429,comes
430,face
431,support
432,called
433,works
434,black
435,hours
436,open
437,heard
438,says
439,gon
440,season
441,family
442,often
443,player
444,couple
445,state
446,super
447,played
448,de
449,removed
450,move
451,issues
452,basically
453,months
454,d
455,happy
456,kill
457,haha
458,single
459,men
460,//www.youtube.com/watch
461,example
462,interesting
463,based
464,moderators
465,hand
466,leave
467,hell
468,later
469,win
470,thread
471,goes
472,close
473,half
474,completely
475,kids
476,deal
477,low
478,answer
479,price
480,im
481,damage
482,today
483,literally
484,100
485,concerns
486,coming
487,original
488,whatever
489,turn
490,head
491,control
492,card
493,wish
494,/message/compose/
495,important
496,dont
497,house
498,minutes
499,title
500,told
501,running
502,past
503,totally
504,three
505,ok
506,*i
507,6
508,similar
509,worse
510,group
511,country
512,honestly
513,sub
514,amount
515,seriously
516,stupid
517,hear
518,anyway
519,rules
520,hey
521,chance
522,early
523,build
524,together
525,performed
526,absolutely
527,number
528,water
529,huge
530,soon
531,sex
532,body
533,dude
534,cause
535,order
536,list
537,online
538,girl
539,due
540,/
541,become
542,front
543,simply
544,rest
545,account
546,except
547,lost
548,fight
549,sort
550,entire
551,main
552,information
553,type
554,kid
555,wow
556,behind
557,mine
558,music
559,pick
560,area
561,sound
562,future
563,luck
564,takes
565,character
566,version
567,enjoy
568,happens
569,funny
570,source
571,opinion
572,interested
573,que
574,imagine
575,class
576,phone
577,fan
578,mostly
579,difference
580,weeks
581,food
582,given
583,okay
584,20
585,dead
586,within
587,looked
588,government
589,obviously
590,worked
591,asked
592,^
593,stay
594,comments
595,actual
596,book
597,asking
598,certain
599,perfect
600,weird
601,ass
602,party
603,outside
604,reading
605,kinda
606,room
607,wants
608,red
609,normal
610,knew
611,cost
612,fair
613,die
614,themselves
615,=
616,longer
617,situation
618,month
619,space
620,higher
621,submission
622,easily
623,common
624,windows
625,bring
626,plan
627,seeing
628,city
629,30
630,clear
631,human
632,crazy
633,personally
634,war
635,lt
636,dog
637,glad
638,drive
639,shot
640,above
641,needed
642,7
643,general
644,favorite
645,series
646,feeling
647,large
648,message
649,watching
650,problems
651,although
652,bought
653,relationship
654,plus
655,company
656,learn
657,quality
658,short
659,giving
660,save
661,store
662,weight
663,expect
664,woman
665,characters
666,cut
667,spend
668,history
669,community
670,several
671,children
672,picture
673,p
674,living
675,felt
676,meant
677,50
678,lose
679,personal
680,code
681,sell
682,correct
683,current
684,poor
685,eat
686,along
687,near
688,value
689,fast
690,simple
691,hot
692,thats
693,business
694,parents
695,worst
696,late
697,easier
698,8
699,argument
700,knows
701,posting
702,whether
703,rule
704,light
705,consider
706,clearly
707,terrible
708,available
709,pc
710,age
711,extra
712,choice
713,difficult
714,hour
715,word
716,police
717,death
718,break
719,gives
720,figure
721,fans
722,points
723,page
724,cards
725,taken
726,la
727,song
728,tv
729,young
730,hold
731,lots
732,gone
733,speed
734,anymore
735,trade
736,dark
737,fit
738,alone
739,added
740,gave
741,posted
742,child
743,shows
744,+
745,internet
746,unfortunately
747,itself
748,otherwise
749,u
750,advice
751,public
752,ball
753,straight
754,specific
755,recently
756,items
757,explain
758,posts
759,currently
760,|
761,option
762,average
763,content
764,american
765,strong
766,allowed
767,bunch
768,market
769,starting
770,per
771,slow
772,teams
773,local
774,google
775,law
776,realize
777,college
778,words
779,position
780,act
781,sad
782,middle
783,match
784,fall
785,league
786,fire
787,decent
788,vote
789,article
790,15
791,across
792,eyes
793,send
794,site
795,force
796,moment
797,box
798,lower
799,english
800,changed
801,cheap
802,note
803,hopefully
804,form
805,expensive
806,mom
807,helps
808,finally
809,fix
810,multiple
811,test
812,base
813,quick
814,certainly
815,himself
816,text
817,major
818,process
819,news
820,wonder
821,discussion
822,feels
823,prefer
824,decided
825,joke
826,supposed
827,forget
828,ah
829,changes
830,reasons
831,drop
832,gun
833,mention
834,offer
835,air
836,service
837,share
838,towards
839,evidence
840,date
841,blue
842,beat
843,attack
844,special
845,wife
846,known
847,social
848,ways
849,sent
850,random
851,ended
852,image
853,choose
854,follow
855,gold
856,view
857,putting
858,killed
859,hands
860,paid
861,term
862,telling
863,son
864,hurt
865,episode
866,inside
867,allow
868,states
869,doubt
870,hair
871,include
872,computer
873,release
874,ready
875,data
876,beautiful
877,apparently
878,assume
879,write
880,meet
881,forward
882,serious
883,nobody
884,numbers
885,reply
886,bet
887,parts
888,piece
889,throw
890,buying
891,majority
892,speak
893,continue
894,waiting
895,turned
896,holy
897,shitty
898,girls
899,america
900,mentioned
901,clean
902,size
903,safe
904,step
905,media
906,popular
907,generally
908,recommend
909,nope
910,solid
911,skin
912,dad
913,effect
914,range
915,places
916,bullshit
917,miss
918,health
919,s
920,building
921,sucks
922,double
923,somewhere
924,willing
925,spent
926,imo
927,attention
928,dick
929,eventually
930,standard
931,terms
932,watched
933,drink
934,none
935,pass
936,users
937,considering
938,style
939,door
940,server
941,response
942,pull
943,stick
944,cover
945,ground
946,result
947,self
948,plenty
949,king
950,mother
951,race
952,focus
953,including
954,movies
955,o
956,star
957,en
958,art
959,vs
960,click
961,complete
962,quickly
963,depends
964,ability
965,liked
966,suggest
967,info
968,update
969,y
970,following
971,key
972,map
973,further
974,paying
975,stand
976,missing
977,perhaps
978,father
979,walk
980,compared
981,jobs
982,worry
983,enemy
984,cat
985,extremely
986,interest
987,skill
988,videos
989,road
990,wear
991,12
992,create
993,mods
994,avoid
995,options
996,event
997,pm
998,books
999,society
1000,sleep
1001,x
1002,respect
1003,loved
1004,youtube
1005,field
1006,honest
1007,screen
1008,lack
1009,scene
1010,item
1011,deck
1012,bigger
1013,pain
1014,considered
1015,third
1016,anywhere
1017,fucked
1018,yep
1019,older
1020,eating
1021,brother
1022,won
1023,ya
1024,round
1025,green
1026,model
1027,app
1028,baby
1029,design
1030,mode
1031,office
1032,color
1033,push
1034,relevant
1035,slightly
1036,related
1037,exist
1038,useful
1039,trust
1040,context
1041,below
1042,board
1043,gay
1044,return
1045,sign
1046,gotten
1047,directly
1048,surprised
1049,recent
1050,@
1051,alright
1052,spot
1053,listen
1054,steam
1055,assuming
1056,sick
1057,starts
1058,seconds
1059,possibly
1060,biggest
1061,particular
1062,calling
1063,cars
1064,handle
1065,exact
1066,twice
1067,beer
1068,ta
1069,flair
1070,provide
1071,training
1072,brain
1073,legal
1074,hi
1075,regular
1076,tank
1077,sitting
1078,eye
1079,happening
1080,private
1081,lines
1082,appreciate
1083,million
1084,heart
1085,dumb
1086,obvious
1087,pictures
1088,welcome
1089,town
1090,physical
1091,knowledge
1092,lives
1093,moved
1094,uses
1095,total
1096,basic
1097,sit
1098,karma
1099,science
1100,remove
1101,kept
1102,understanding
1103,curious
1104,moving
1105,claim
1106,somehow
1107,ton
1108,fairly
1109,classes
1110,truly
1111,sweet
1112,depending
1113,beginning
1114,jesus
1115,faster
1116,involved
1117,four
1118,rights
1119,count
1120,search
1121,access
1122,wall
1123,bottom
1124,uk
1125,overall
1126,block
1127,turns
1128,noticed
1129,increase
1130,fat
1131,morning
1132,met
1133,magic
1134,practice
1135,website
1136,ridiculous
1137,tend
1138,feet
1139,keeping
1140,writing
1141,hoping
1142,banned
1143,voice
1144,cant
1145,proper
1146,disagree
1147,final
1148,carry
1149,e
1150,decide
1151,language
1152,male
1153,defense
1154,beyond
1155,period
1156,nearly
1157,losing
1158,culture
1159,bill
1160,knowing
1161,research
1162,blood
1163,rate
1164,energy
1165,bar
1166,stuck
1167,tomorrow
1168,plays
1169,stopped
1170,hero
1171,missed
1172,max
1173,risk
1174,required
1175,ice
1176,impossible
1177,reality
1178,aware
1179,necessary
1180,racist
1181,lead
1182,entirely
1183,helped
1184,1.
1185,wan
1186,9
1187,camera
1188,require
1189,annoying
1190,killing
1191,user
1192,stock
1193,harder
1194,2.
1195,highly
1196,political
1197,potential
1198,lucky
1199,pack
1200,smaller
1201,film
1202,laws
1203,land
1204,ship
1205,excited
1206,tag
1207,goal
1208,street
1209,north
1210,shop
1211,seemed
1212,learning
1213,touch
1214,released
1215,yours
1216,modern
1217,trouble
1218,five
1219,negative
1220,fantastic
1221,driving
1222,earth
1223,female
1224,conversation
1225,finish
1226,links
1227,countries
1228,gear
1229,brought
1230,switch
1231,movement
1232,learned
1233,decision
1234,forgot
1235,ahead
1236,draw
1237,ban
1238,pro
1239,runs
1240,thinks
1241,sold
1242,massive
1243,positive
1244,minimum
1245,ai
1246,attempt
1247,notice
1248,effort
1249,tho
1250,se
1251,yesterday
1252,cheaper
1253,catch
1254,despite
1255,rock
1256,paper
1257,broken
1258,members
1259,heavy
1260,died
1261,reference
1262,skills
1263,football
1264,regardless
1265,truth
1266,bike
1267,active
1268,smart
1269,direct
1270,track
1271,built
1272,ignore
1273,west
1274,shoot
1275,properly
1276,0
1277,fake
1278,population
1279,whenever
1280,stats
1281,doctor
1282,fault
1283,3.
1284,upon
1285,everywhere
1286,accept
1287,results
1288,balls
1289,dogs
1290,loss
1291,groups
1292,universe
1293,meaning
1294,areas
1295,argue
1296,gain
1297,weapon
1298,earlier
1299,fighting
1300,button
1301,drinking
1302,install
1303,somebody
1304,id
1305,cute
1306,healthy
1307,train
1308,product
1309,rare
1310,incredibly
1311,guns
1312,created
1313,canada
1314,60
1315,neither
1316,alive
1317,40
1318,prove
1319,machine
1320,lane
1321,report
1322,2015
1323,picked
1324,companies
1325,album
1326,afford
1327,benefit
1328,el
1329,credit
1330,solo
1331,taste
1332,boy
1333,minute
1334,upgrade
1335,limited
1336,awful
1337,humans
1338,theory
1339,90
1340,yup
1341,yea
1342,bed
1343,mod
1344,charge
1345,ran
1346,finding
1347,realized
1348,zero
1349,thus
1350,thoughts
1351,costs
1352,weekend
1353,immediately
1354,core
1355,showing
1356,keeps
1357,advantage
1358,reach
1359,mistake
1360,..
1361,everybody
1362,various
1363,europe
1364,china
1365,constantly
1366,south
1367,levels
1368,metal
1369,broke
1370,tax
1371,bro
1372,cold
1373,events
1374,expected
1375,dragon
1376,battle
1377,barely
1378,mad
1379,xd
1380,church
1381,b
1382,selling
1383,deep
1384,fear
1385,wtf
1386,weapons
1387,horrible
1388,wars
1389,club
1390,fully
1391,roll
1392,table
1393,previous
1394,master
1395,jump
1396,holding
1397,purpose
1398,besides
1399,finished
1400,angry
1401,husband
1402,apart
1403,oil
1404,became
1405,dream
1406,spending
1407,armor
1408,boss
1409,tired
1410,direction
1411,es
1412,caught
1413,software
1414,ride
1415,join
1416,download
1417,performance
1418,gaming
1419,gender
1420,opinions
1421,wearing
1422,lived
1423,load
1424,specifically
1425,mass
1426,nah
1427,balance
1428,lets
1429,travel
1430,burn
1431,adding
1432,det
1433,ideas
1434,tier
1435,lie
1436,according
1437,drunk
1438,mana
1439,suck
1440,un
1441,stories
1442,resources
1443,connection
1444,bank
1445,perfectly
1446,band
1447,reasonable
1448,trip
1449,file
1450,worried
1451,crap
1452,ha
1453,matches
1454,solution
1455,engine
1456,lazy
1457,success
1458,sidebar
1459,email
1460,perspective
1461,score
1462,somewhat
1463,agreed
1464,target
1465,daily
1466,amazon
1467,window
1468,suppose
1469,combat
1470,kills
1471,religion
1472,miles
1473,80
1474,animals
1475,security
1476,written
1477,cases
1478,wanting
1479,m
1480,confused
1481,topic
1482,mobile
1483,error
1484,students
1485,ex
1486,bitch
1487,hits
1488,record
1489,shut
1490,2nd
1491,quit
1492,porn
1493,chinese
1494,born
1495,concept
1496,project
1497,natural
1498,shooting
1499,setting
1500,tons
1501,anyways
1502,apply
1503,threads
1504,program
1505,tough
1506,nature
1507,wrote
1508,effects
1509,actions
1510,insurance
1511,nor
1512,degree
1513,wins
1514,walking
1515,onto
1516,member
1517,facebook
1518,foot
1519,laugh
1520,pulled
1521,stream
1522,unique
1523,official
1524,summer
1525,income
1526,mid
1527,larger
1528,pressure
1529,french
1530,hunter
1531,brown
1532,forced
1533,showed
1534,requires
1535,included
1536,bonus
1537,therefore
1538,secret
1539,professional
1540,correctly
1541,attacks
1542,mate
1543,crime
1544,helpful
1545,driver
1546,fail
1547,silly
1548,grow
1549,mental
1550,wondering
1551,park
1552,judge
1553,slowly
1554,lord
1555,3rd
1556,likes
1557,adult
1558,floor
1559,fixed
1560,winning
1561,cap
1562,leaving
1563,types
1564,aside
1565,xbox
1566,stage
1567,background
1568,matters
1569,powerful
1570,bother
1571,split
1572,servers
1573,distance
1574,and/or
1575,forever
1576,insane
1577,effective
1578,subject
1579,industry
1580,sports
1581,military
1582,delete
1583,apple
1584,ring
1585,ad
1586,chat
1587,pop
1588,upset
1589,normally
1590,replace
1591,improve
1592,via
1593,til
1594,court
1595,waste
1596,individual
1597,traffic
1598,particularly
1599,regarding
1600,figured
1601,becoming
1602,hilarious
1603,fish
1604,section
1605,odd
1606,feelings
1607,statement
1608,crowd
1609,memory
1610,planning
1611,battery
1612,blame
1613,student
1614,btw
1615,dropped
1616,gas
1617,deserve
1618,medical
1619,career
1620,comfortable
1621,sexual
1622,sets
1623,facts
1624,ping
1625,18
1626,copy
1627,managed
1628,till
1629,boring
1630,tiny
1631,anime
1632,patch
1633,shame
1634,essentially
1635,opening
1636,limit
1637,tech
1638,cash
1639,policy
1640,mouth
1641,hitting
1642,scared
1643,challenge
1644,shots
1645,confirmed
1646,maps
1647,format
1648,ends
1649,freedom
1650,girlfriend
1651,situations
1652,taxes
1653,significant
1654,married
1655,mainly
1656,changing
1657,cast
1658,factor
1659,accounts
1660,c
1661,breaking
1662,truck
1663,rid
1664,doesnt
1665,farm
1666,review
1667,drugs
1668,tip
1669,25
1670,cops
1671,address
1672,11
1673,useless
1674,center
1675,voting
1676,competitive
1677,failed
1678,wont
1679,non
1680,sales
1681,necessarily
1682,education
1683,evil
1684,asshole
1685,east
1686,feedback
1687,checked
1688,reminds
1689,eu
1690,press
1691,ill
1692,hello
1693,proof
1694,religious
1695,budget
1696,hearing
1697,ten
1698,tonight
1699,13
1700,sake
1701,bag
1702,sister
1703,cop
1704,idiot
1705,songs
1706,counter
1707,excuse
1708,artist
1709,held
1710,sadly
1711,helping
1712,extreme
1713,economy
1714,john
1715,dollars
1716,suddenly
1717,device
1718,fresh
1719,boys
1720,att
1721,typically
1722,checking
1723,becomes
1724,dr
1725,weed
1726,guide
1727,sword
1728,hp
1729,accurate
1730,arm
1731,spam
1732,network
1733,material
1734,smoke
1735,math
1736,pvp
1737,produce
1738,rich
1739,japanese
1740,acting
1741,birthday
1742,16
1743,united
1744,speaking
1745,expecting
1746,drug
1747,behavior
1748,demand
1749,mess
1750,attractive
1751,technically
1752,affect
1753,500
1754,standing
1755,murder
1756,caused
1757,mark
1758,blow
1759,closer
1760,shirt
1761,cross
1762,role
1763,ending
1764,sharing
1765,indeed
1766,japan
1767,successful
1768,downvoted
1769,americans
1770,james
1771,dota
1772,cares
1773,pool
1774,impact
1775,method
1776,didnt
1777,western
1778,nation
1779,tells
1780,turning
1781,android
1782,six
1783,giant
1784,si
1785,weak
1786,idk
1787,tl
1788,cup
1789,names
1790,study
1791,familiar
1792,profit
1793,abuse
1794,meat
1795,pure
1796,trump
1797,nose
1798,coffee
1799,pink
1800,ticket
1801,violence
1802,opportunity
1803,valid
1804,brand
1805,setup
1806,photo
1807,da
1808,appropriate
1809,reaction
1810,safety
1811,pic
1812,letting
1813,kick
1814,boyfriend
1815,accident
1816,mix
1817,visit
1818,separate
1819,enjoyed
1820,stronger
1821,location
1822,dunno
1823,army
1824,f
1825,campaign
1826,classic
1827,hang
1828,bug
1829,fill
1830,r
1831,chances
1832,wide
1833,24
1834,scenario
1835,younger
1836,president
1837,console
1838,prices
1839,friendly
1840,riot
1841,explanation
1842,request
1843,afraid
1844,folks
1845,illegal
1846,hardly
1847,lying
1848,strange
1849,compare
1850,huh
1851,unit
1852,logic
1853,frame
1854,officer
1855,paint
1856,sides
1857,enter
1858,british
1859,hmm
1860,dirty
1861,scale
1862,proud
1863,drivers
1864,linked
1865,closed
1866,university
1867,fly
1868,settings
1869,titles
1870,rank
1871,peace
1872,manager
1873,emotional
1874,tree
1875,dangerous
1876,/s
1877,among
1878,busy
1879,excellent
1880,14
1881,loves
1882,concerned
1883,edge
1884,planet
1885,isnt
1886,environment
1887,daughter
1888,seat
1889,approach
1890,development
1891,exists
1892,submit
1893,guessing
1894,34
1895,owner
1896,mechanics
1897,files
1898,omg
1899,strategy
1900,flat
1901,heroes
1902,production
1903,wake
1904,shape
1905,shoes
1906,le
1907,drops
1908,calls
1909,vast
1910,rush
1911,sale
1912,eh
1913,keys
1914,passed
1915,pushing
1916,opposite
1917,gym
1918,dollar
1919,episodes
1920,treat
1921,complain
1922,nfl
1923,200
1924,pics
1925,fps
1926,accepted
1927,national
1928,v
1929,progress
1930,leader
1931,choices
1932,marriage
1933,ensure
1934,animal
1935,spread
1936,rip
1937,guild
1938,congrats
1939,arms
1940,yo
1941,listening
1942,hype
1943,tbh
1944,sir
1945,con
1946,referring
1947,covered
1948,financial
1949,technology
1950,trash
1951,fights
1952,channel
1953,confirm
1954,suggestion
1955,views
1956,stars
1957,dealing
1958,pizza
1959,heat
1960,cs
1961,corner
1962,germany
1963,thousands
1964,shield
1965,hat
1966,definition
1967,photos
1968,products
1969,throwing
1970,draft
1971,default
1972,linux
1973,comparison
1974,hated
1975,destroy
1976,contract
1977,username
1978,partner
1979,collection
1980,admit
1981,leads
1982,experienced
1983,silver
1984,san
1985,addition
1986,legs
1987,impressive
1988,anybody
1989,al
1990,usa
1991,details
1992,scary
1993,careful
1994,faith
1995,cry
1996,cpu
1997,camp
1998,monster
1999,theme
2000,rape
2001,conditions
2002,economic
2003,respond
2004,stated
2005,mixed
2006,genre
2007,strike
2008,boat
2009,plot
2010,signs
2011,sun
2012,flash
2013,blocks
2014,lately
2015,rarely
2016,nbsp
2017,lo
2018,wave
2019,seasons
2020,du
2021,radio
2022,debate
2023,casual
2024,received
2025,opened
2026,um
2027,gameplay
2028,dying
2029,systems
2030,worlds
2031,talked
2032,t
2033,present
2034,fits
2035,focused
2036,generation
2037,chose
2038,legit
2039,designed
2040,flying
2041,customer
2042,sexy
2043,egg
2044,fuel
2045,condition
2046,claims
2047,puts
2048,boost
2049,dry
2050,allows
2051,70
2052,appears
2053,lights
2054,sanders
2055,ugly
2056,dps
2057,physics
2058,filled
2059,opponent
2060,saved
2061,lvl
2062,friday
2063,är
2064,meta
2065,failure
2066,moves
2067,combo
2068,feature
2069,hole
2070,permanent
2071,opposed
2072,appear
2073,usual
2074,hd
2075,tower
2076,4th
2077,rent
2078,alcohol
2079,pokemon
2080,letter
2081,defend
2082,buddy
2083,pet
2084,tags
2085,knife
2086,status
2087,i.e
2088,pissed
2089,reviews
2090,installed
2091,glass
2092,ps4
2093,shown
2094,saving
2095,cheese
2096,exercise
2097,row
2098,ugh
2099,smell
2100,trigger
2101,cheers
2102,path
2103,controller
2104,grab
2105,threat
2106,global
2107,recall
2108,former
2109,strength
2110,empty
2111,cutting
2112,prime
2113,toxic
2114,absolute
2115,milk
2116,ships
2117,begin
2118,spirit
2119,expansion
2120,arguing
2121,bringing
2122,golden
2123,schools
2124,wage
2125,allowing
2126,twitter
2127,racism
2128,staying
2129,causes
2130,named
2131,whose
2132,leg
2133,services
2134,bear
2135,refer
2136,responsible
2137,followed
2138,rough
2139,smash
2140,diet
2141,humanity
2142,benefits
2143,manage
2144,em
2145,discuss
2146,abilities
2147,u.s.
2148,raid
2149,instantly
2150,os
2151,led
2152,features
2153,kinds
2154,answers
2155,//www.reddit.com/message/compose
2156,herself
2157,lady
2158,assholes
2159,cheating
2160,trading
2161,sat
2162,growing
2163,chicken
2164,throughout
2165,talent
2166,mission
2167,grew
2168,raised
2169,raise
2170,leaves
2171,weather
2172,rain
2173,gift
2174,killer
2175,melee
2176,troll
2177,graphics
2178,false
2179,stable
2180,hidden
2181,et
2182,notes
2183,stores
2184,bernie
2185,remain
2186,images
2187,description
2188,phase
2189,combined
2190,viable
2191,dinner
2192,justice
2193,~
2194,heavily
2195,crash
2196,australia
2197,smoking
2198,jokes
2199,surprise
2200,reduce
2201,attitude
2202,function
2203,parties
2204,4.
2205,wind
2206,plate
2207,los
2208,offering
2209,purchase
2210,intended
2211,prevent
2212,lock
2213,alternative
2214,teach
2215,ok.
2216,drama
2217,tips
2218,explained
2219,unlike
2220,pants
2221,steps
2222,describe
2223,passing
2224,competition
2225,fingers
2226,treated
2227,wedding
2228,sending
2229,occasionally
2230,experiences
2231,instance
2232,debt
2233,cycle
2234,sources
2235,wise
2236,pieces
2237,stress
2238,tickets
2239,sunday
2240,speech
2241,tool
2242,politics
2243,increased
2244,examples
2245,birth
2246,crew
2247,saturday
2248,favourite
2249,incredible
2250,signed
2251,suit
2252,fox
2253,schedule
2254,17
2255,wild
2256,mouse
2257,microsoft
2258,minor
2259,uh
2260,2fr
2261,growth
2262,regularly
2263,tea
2264,stands
2265,hide
2266,initial
2267,hardware
2268,dance
2269,talks
2270,listed
2271,audience
2272,parking
2273,sport
2274,suicide
2275,pair
2276,sites
2277,physically
2278,alot
2279,shipping
2280,xp
2281,smooth
2282,supply
2283,equal
2284,passive
2285,sea
2286,teacher
2287,dating
2288,logical
2289,christ
2290,aspect
2291,treatment
2292,apps
2293,to=
2294,bugs
2295,powers
2296,testing
2297,accidentally
2298,jack
2299,millions
2300,votes
2301,beta
2302,meeting
2303,upvote
2304,decisions
2305,supporting
2306,er
2307,fantasy
2308,genuinely
2309,teeth
2310,riding
2311,workers
2312,hahaha
2313,region
2314,zone
2315,interview
2316,titan
2317,department
2318,loose
2319,\
2320,loud
2321,federal
2322,volume
2323,offense
2324,candidate
2325,rolling
2326,guilty
2327,flight
2328,neutral
2329,moon
2330,complex
2331,heads
2332,soul
2333,pretend
2334,property
2335,neat
2336,goals
2337,knight
2338,christian
2339,pointing
2340,enemies
2341,trans
2342,originally
2343,exchange
2344,iron
2345,g
2346,rise
2347,whats
2348,units
2349,german
2350,sentence
2351,decks
2352,picking
2353,russia
2354,buff
2355,fell
2356,”
2357,cats
2358,relatively
2359,staff
2360,dies
2361,apartment
2362,giveaway
2363,chest
2364,feed
2365,survive
2366,tries
2367,vehicle
2368,mentally
2369,souls
2370,articles
2371,1000
2372,wiki
2373,custom
2374,individuals
2375,ich
2376,fellow
2377,awkward
2378,austin
2379,suspect
2380,audio
2381,texas
2382,gif
2383,300
2384,fee
2385,yay
2386,plane
2387,gpu
2388,solve
2389,crying
2390,complaining
2391,lmao
2392,station
2393,greatest
2394,election
2395,european
2396,lawyer
2397,laptop
2398,favor
2399,smile
2400,struggle
2401,basis
2402,empire
2403,unlikely
2404,menu
2405,ideal
2406,quote
2407,champion
2408,sleeping
2409,fighter
2410,define
2411,para
2412,teaching
2413,calories
2414,species
2415,som
2416,ap
2417,hospital
2418,dig
2419,monitor
2420,bottle
2421,employees
2422,traditional
2423,spell
2424,depression
2425,ultimately
2426,platform
2427,reset
2428,por
2429,develop
2430,heal
2431,responsibility
2432,raw
2433,profile
2434,california
2435,chain
2436,causing
2437,beating
2438,flow
2439,owned
2440,realistic
2441,chill
2442,ordered
2443,contribute
2444,walked
2445,soft
2446,sky
2447,reward
2448,dc
2449,transfer
2450,launch
2451,vanilla
2452,flag
2453,significantly
2454,capacity
2455,mistakes
2456,suggested
2457,kicked
2458,ive
2459,disappointed
2460,israel
2461,height
2462,edited
2463,ram
2464,replaced
2465,elements
2466,cook
2467,root
2468,1st
2469,colors
2470,meh
2471,quiet
2472,*she
2473,laughing
2474,earn
2475,apologize
2476,greater
2477,wonderful
2478,toward
2479,auto
2480,cancer
2481,asks
2482,backwards
2483,convinced
2484,naturally
2485,replies
2486,3d
2487,restaurant
2488,squad
2489,mirror
2490,developed
2491,capable
2492,depth
2493,plans
2494,orders
2495,web
2496,muscle
2497,maintain
2498,hammer
2499,blizzard
2500,island
2501,comic
2502,browser
2503,customers
2504,purposes
2505,swing
2506,sugar
2507,rates
2508,tied
2509,package
2510,torrent
2511,liberal
2512,updated
2513,closest
2514,brilliant
2515,constant
2516,offensive
2517,blind
2518,memories
2519,possibility
2520,includes
2521,thin
2522,asian
2523,injury
2524,salt
2525,tall
2526,coast
2527,superior
2528,flip
2529,equipment
2530,wing
2531,equivalent
2532,lunch
2533,subs
2534,glasses
2535,min
2536,began
2537,pitch
2538,existence
2539,russian
2540,vs.
2541,q
2542,badly
2543,frequently
2544,era
2545,bowl
2546,stone
2547,cities
2548,trick
2549,picks
2550,slot
2551,net
2552,walls
2553,minority
2554,steve
2555,prior
2556,gods
2557,priest
2558,destroyed
2559,tone
2560,programs
2561,updates
2562,provided
2563,concern
2564,lovely
2565,relationships
2566,factors
2567,creepy
2568,cc
2569,native
2570,burning
2571,bomb
2572,trial
2573,assumed
2574,waves
2575,independent
2576,jumping
2577,aim
2578,circle
2579,manual
2580,standards
2581,surely
2582,labor
2583,justify
2584,legitimate
2585,bucks
2586,receive
2587,unknown
2588,storm
2589,pushed
2590,prepared
2591,foreign
2592,shared
2593,dislike
2594,primary
2595,regret
2596,sin
2597,unable
2598,suggestions
2599,garbage
2600,w
2601,complicated
2602,shift
2603,requirements
2604,loan
2605,silence
2606,mr.
2607,pulling
2608,99
2609,sample
2610,hence
2611,cleaning
2612,breaks
2613,differences
2614,civil
2615,george
2616,marvel
2617,measure
2618,cable
2619,influence
2620,tsm
2621,balanced
2622,reached
2623,netflix
2624,mail
2625,harm
2626,hundreds
2627,falling
2628,grand
2629,odds
2630,variety
2631,citizens
2632,drawing
2633,e.g
2634,chicago
2635,halo
2636,und
2637,protect
2638,log
2639,ignoring
2640,builds
2641,om
2642,tools
2643,management
2644,perform
2645,marketing
2646,edition
2647,aka
2648,repeat
2649,valve
2650,loving
2651,arguments
2652,clue
2653,methods
2654,impression
2655,shadow
2656,anxiety
2657,butter
2658,imgur
2659,irrelevant
2660,combination
2661,swear
2662,nowhere
2663,taught
2664,epic
2665,lift
2666,square
2667,blog
2668,offered
2669,bullet
2670,meme
2671,tanks
2672,portion
2673,19
2674,additional
2675,attached
2676,bars
2677,resolution
2678,guard
2679,unnecessary
2680,guidelines
2681,healing
2682,contain
2683,entitled
2684,deserves
2685,ign
2686,rude
2687,detail
2688,efficient
2689,hundred
2690,serve
2691,circumstances
2692,warrior
2693,port
2694,roughly
2695,identify
2696,script
2697,international
2698,reliable
2699,potentially
2700,grown
2701,quest
2702,roles
2703,forces
2704,models
2705,elite
2706,bus
2707,bitcoin
2708,confidence
2709,disgusting
2710,cuz
2711,latest
2712,defensive
2713,packs
2714,tactics
2715,organization
2716,faq
2717,pong
2718,consistently
2719,politicians
2720,hurts
2721,refuse
2722,consistent
2723,hall
2724,ranked
2725,warning
2726,frustrating
2727,kit
2728,downvote
2729,jungle
2730,angle
2731,charged
2732,positions
2733,vacation
2734,vanessa
2735,wrestling
2736,moral
2737,france
2738,temporary
2739,idiots
2740,advanced
2741,violent
2742,spells
2743,150
2744,typical
2745,bb
2746,approved
2747,falls
2748,extent
2749,highest
2750,pattern
2751,ip
2752,clothes
2753,tournament
2754,penalty
2755,hes
2756,k
2757,}
2758,replacement
2759,stops
2760,hill
2761,whoever
2762,input
2763,trailer
2764,counts
2765,farming
2766,resubmit
2767,͡°
2768,deals
2769,rear
2770,hanging
2771,dress
2772,orange
2773,offers
2774,route
2775,rice
2776,winter
2777,priority
2778,applies
2779,florida
2780,breath
2781,grade
2782,granted
2783,muslims
2784,structure
2785,switching
2786,cell
2787,stopping
2788,randomly
2789,streaming
2790,invite
2791,pls
2792,dust
2793,fuckin
2794,films
2795,rage
2796,trolls
2797,express
2798,iphone
2799,technical
2800,decade
2801,recognize
2802,exception
2803,removal
2804,–
2805,recipe
2806,emotions
2807,dope
2808,uber
2809,galaxy
2810,connect
2811,iirc
2812,walks
2813,cream
2814,theres
2815,tight
2816,bench
2817,rocket
2818,steal
2819,motion
2820,beach
2821,promise
2822,meal
2823,ruin
2824,calm
2825,communities
2826,fed
2827,obama
2828,adorable
2829,bias
2830,replied
2831,och
2832,je
2833,beast
2834,grey
2835,intense
2836,exciting
2837,removing
2838,ancient
2839,arena
2840,hunting
2841,yellow
2842,horse
2843,convince
2844,objective
2845,pride
2846,digital
2847,dropping
2848,leading
2849,reported
2850,creating
2851,legally
2852,remaining
2853,to=/r/askreddit
2854,filter
2855,noise
2856,claiming
2857,locked
2858,beliefs
2859,escape
2860,payment
2861,wouldnt
2862,medium
2863,committed
2864,whereas
2865,decades
2866,på
2867,outcome
2868,wet
2869,cents
2870,stayed
2871,planned
2872,skip
2873,authority
2874,supports
2875,smith
2876,2000
2877,har
2878,screw
2879,application
2880,n
2881,finds
2882,innocent
2883,entirety
2884,emotionally
2885,uncomfortable
2886,*the
2887,doctors
2888,anytime
2889,biased
2890,lands
2891,london
2892,r4r
2893,confusing
2894,pointed
2895,45
2896,bathroom
2897,hook
2898,host
2899,foods
2900,mr
2901,hillary
2902,mountain
2903,skins
2904,union
2905,famous
2906,plants
2907,conversion
2908,isis
2909,recommended
2910,judging
2911,policies
2912,pregnant
2913,nerf
2914,central
2915,gross
2916,regards
2917,trolling
2918,adds
2919,assumption
2920,boxes
2921,prison
2922,percentage
2923,storage
2924,controls
2925,evening
2926,length
2927,mount
2928,paul
2929,21
2930,pointless
2931,sooner
2932,muslim
2933,plain
2934,thousand
2935,clock
2936,mechanic
2937,guaranteed
2938,answered
2939,kidding
2940,bothered
2941,ur
2942,external
2943,2012
2944,gems
2945,joe
2946,subreddits
2947,disabled
2948,devices
2949,liquid
2950,bc
2951,l
2952,cheat
2953,mic
2954,sees
2955,studies
2956,warm
2957,billion
2958,aggressive
2959,display
2960,wheel
2961,bible
2962,roommate
2963,roster
2964,arrested
2965,sauce
2966,delicious
2967,ages
2968,***
2969,:3
2970,identity
2971,improved
2972,tie
2973,neck
2974,phones
2975,z
2976,activity
2977,crack
2978,finger
2979,nights
2980,rifle
2981,select
2982,gate
2983,h
2984,stack
2985,seven
2986,elsewhere
2987,ebay
2988,owners
2989,differently
2990,jon
2991,author
2992,incorrect
2993,faces
2994,das
2995,fees
2996,versions
2997,michael
2998,described
2999,explaining
3000,infrastructure
3001,havent
3002,pan
3003,attacked
3004,bs
3005,srimanthudu
3006,cake
3007,directed
3008,surface
3009,2014
3010,gta
3011,holds
3012,crystal
3013,ii
3014,controlled
3015,gorgeous
3016,unfair
3017,keyboard
3018,lesson
3019,boot
3020,kitchen
3021,expert
3022,threw
3023,charges
3024,ignorant
3025,vision
3026,creative
3027,lies
3028,races
3029,burned
3030,advance
3031,beard
3032,values
3033,slower
3034,figures
3035,monday
3036,35
3037,mood
3038,mike
3039,attacking
3040,rolls
3041,rounds
3042,belief
3043,personality
3044,pocket
3045,print
3046,democracy
3047,india
3048,hiding
3049,desk
3050,dedicated
3051,salty
3052,client
3053,scope
3054,impressed
3055,engineering
3056,starter
3057,minions
3058,jail
3059,victim
3060,commercial
3061,gap
3062,statistics
3063,2-3
3064,discussing
3065,businesses
3066,cultural
3067,juice
3068,limits
3069,hop
3070,surgery
3071,bite
3072,license
3073,laughed
3074,canadian
3075,cunt
3076,diamond
3077,batman
3078,tail
3079,raising
3080,usage
3081,av
3082,triple
3083,craft
3084,consent
3085,beauty
3086,actively
3087,accent
3088,conservative
3089,clicking
3090,korean
3091,ms
3092,labour
3093,leather
3094,analysis
3095,acts
3096,rooms
3097,dat
3098,teachers
3099,una
3100,tests
3101,england
3102,reasoning
3103,bodies
3104,shall
3105,protein
3106,spawn
3107,warlock
3108,holes
3109,animation
3110,adc
3111,legendary
3112,der
3113,rogue
3114,grammar
3115,stating
3116,chelsea
3117,podcast
3118,employee
3119,tastes
3120,spring
3121,subjective
3122,nonsense
3123,september
3124,fruit
3125,frank
3126,remains
3127,slide
3128,placed
3129,baseball
3130,intelligent
3131,2013
3132,alien
3133,victory
3134,pulls
3135,teen
3136,settle
3137,proven
3138,acceptable
3139,ruined
3140,rocks
3141,christmas
3142,youre
3143,plastic
3144,investment
3145,fancy
3146,blade
3147,childhood
3148,century
3149,handed
3150,qb
3151,fashion
3152,defending
3153,mario
3154,den
3155,returns
3156,destiny
3157,improvement
3158,freaking
3159,johnson
3160,needing
3161,ti
3162,voted
3163,enjoying
3164,freeze
3165,eggs
3166,awhile
3167,jewish
3168,offended
3169,inte
3170,mac
3171,chief
3172,pace
3173,cooler
3174,selection
3175,selfish
3176,captain
3177,providing
3178,assault
3179,bay
3180,submitter
3181,beats
3182,makeup
3183,youth
3184,iv
3185,struggling
3186,sometime
3187,christians
3188,gf
3189,loop
3190,dozen
3191,instant
3192,equally
3193,wine
3194,korea
3195,river
3196,officers
3197,ps
3198,dragons
3199,practically
3200,congress
3201,forth
3202,cooking
3203,blown
3204,confident
3205,foundation
3206,ahh
3207,react
3208,implemented
3209,sam
3210,candidates
3211,invest
3212,wood
3213,speakers
3214,360
3215,wasted
3216,determine
3217,poorly
3218,wash
3219,intentionally
3220,gravity
3221,label
3222,nuts
3223,suggesting
3224,22
3225,to=tweetposter
3226,robert
3227,august
3228,bang
3229,horror
3230,entry
3231,nations
3232,painful
3233,mask
3234,insult
3235,fired
3236,scheme
3237,internal
3238,shops
3239,developers
3240,thrown
3241,hire
3242,bond
3243,spanish
3244,appeal
3245,purple
3246,400
3247,devs
3248,^^^i
3249,wolf
3250,catholic
3251,delivery
3252,difficulty
3253,las
3254,rewards
3255,spare
3256,wasnt
3257,anger
3258,upgrades
3259,experiment
3260,boom
3261,realm
3262,punch
3263,shorter
3264,dreams
3265,samsung
3266,passes
3267,maximum
3268,5.
3269,arsenal
3270,joking
3271,forms
3272,bread
3273,buttons
3274,applying
3275,suffer
3276,spots
3277,patient
3278,honor
3279,mmr
3280,ups
3281,brings
3282,seattle
3283,ray
3284,bags
3285,rely
3286,scientific
3287,gains
3288,moments
3289,applied
3290,parent
3291,wifi
3292,projects
3293,^^
3294,jim
3295,jerk
3296,clg
3297,piss
3298,agent
3299,responding
3300,hunt
3301,deny
3302,channels
3303,pets
3304,nervous
3305,sticky
3306,hint
3307,chrome
3308,easiest
3309,remind
3310,lowest
3311,jealous
3312,boobs
3313,dan
3314,andreas
3315,computers
3316,retail
3317,guitar
3318,scenes
3319,detailed
3320,glory
3321,legends
3322,injuries
3323,purchased
3324,protection
3325,butt
3326,upper
3327,comparing
3328,lists
3329,1-2
3330,introduced
3331,drove
3332,plant
3333,conclusion
3334,curve
3335,understood
3336,engines
3337,responded
3338,injured
3339,swap
3340,contest
3341,coach
3342,amounts
3343,urban
3344,coin
3345,babies
3346,reduced
3347,leveling
3348,damned
3349,peak
3350,jet
3351,highway
3352,bosses
3353,strongly
3354,campus
3355,slight
3356,generic
3357,desperate
3358,housing
3359,fewer
3360,facing
3361,october
3362,shoulder
3363,static
3364,africa
3365,med
3366,supported
3367,woke
3368,23
3369,fitness
3370,nuclear
3371,pas
3372,spray
3373,ty
3374,factory
3375,translation
3376,hotel
3377,//www.reddit.com/r/globaloffensivetrade/wiki/rules
3378,dear
3379,clothing
3380,border
3381,reverse
3382,fence
3383,technique
3384,appreciated
3385,penis
3386,stealing
3387,harsh
3388,drives
3389,sudden
3390,sweat
3391,trap
3392,merely
3393,ndp
3394,compete
3395,racing
3396,stranger
3397,bridge
3398,affected
3399,tumblr
3400,exposed
3401,disease
3402,victims
3403,comics
3404,participate
3405,dirt
3406,del
3407,washington
3408,shower
3409,fiction
3410,champ
3411,enjoyable
3412,tap
3413,chemical
3414,sd
3415,van
3416,effectively
3417,string
3418,championship
3419,gen
3420,studying
3421,extended
3422,vulnerable
3423,forum
3424,bits
3425,floating
3426,laid
3427,chosen
3428,*he
3429,everyday
3430,actor
3431,listened
3432,duty
3433,dose
3434,candy
3435,scott
3436,bat
3437,mature
3438,tune
3439,accuracy
3440,aw
3441,wipe
3442,largely
3443,forums
3444,messed
3445,legend
3446,eternal
3447,healthcare
3448,depend
3449,connected
3450,backup
3451,bills
3452,completed
3453,roads
3454,toy
3455,shock
3456,stays
3457,fallout
3458,mage
3459,pregnancy
3460,incident
3461,250
3462,{
3463,clever
3464,lake
3465,jews
3466,breakfast
3467,references
3468,believed
3469,75
3470,stomach
3471,deciding
3472,loads
3473,recovery
3474,tape
3475,infinite
3476,activities
3477,ears
3478,ghost
3479,newer
3480,arent
3481,favorites
3482,consequences
3483,bass
3484,ear
3485,accepting
3486,matt
3487,remembered
3488,peoples
3489,command
3490,routine
3491,poster
3492,counting
3493,luckily
3494,ads
3495,criticism
3496,ist
3497,interests
3498,wheels
3499,library
3500,pray
3501,forcing
3502,continues
3503,traded
3504,danger
3505,burst
3506,retarded
3507,valuable
3508,dates
3509,zu
3510,fund
3511,**if
3512,dodge
3513,spaces
3514,officially
3515,loans
3516,wallet
3517,panel
3518,cd
3519,sand
3520,immigration
3521,les
3522,sharp
3523,adjust
3524,intend
3525,clubs
3526,suffering
3527,strip
3528,gg
3529,mini
3530,requests
3531,machines
3532,aspects
3533,communication
3534,citizen
3535,corporate
3536,não
3537,march
3538,glorious
3539,tends
3540,95
3541,hired
3542,explains
3543,в
3544,dvd
3545,childish
3546,ultimate
3547,witch
3548,congratulations
3549,bare
3550,inspired
3551,pve
3552,winner
3553,tom
3554,tears
3555,nexus
3556,lab
3557,filling
3558,colour
3559,annoyed
3560,feminist
3561,tits
3562,repair
3563,july
3564,swords
3565,sniper
3566,adults
3567,toilet
3568,educated
3569,implement
3570,punish
3571,goddamn
3572,и
3573,crimes
3574,focusing
3575,versus
3576,flavor
3577,shiny
3578,cuts
3579,families
3580,loses
3581,targets
3582,dlc
3583,dump
3584,vocal
3585,adventure
3586,lean
3587,liking
3588,screwed
3589,severe
3590,pot
3591,psn
3592,bud
3593,yard
3594,vet
3595,announced
3596,vape
3597,lore
3598,presence
3599,greatly
3600,lag
3601,largest
3602,arc
3603,messages
3604,returning
3605,object
3606,lesser
3607,hr
3608,aww
3609,crossed
3610,disney
3611,flame
3612,bored
3613,^^^a
3614,te
3615,nu
3616,scores
3617,established
3618,sexist
3619,trees
3620,wikipedia
3621,statements
3622,minimal
3623,carries
3624,alpha
3625,forgive
3626,guarantee
3627,crappy
3628,grocery
3629,+1
3630,writer
3631,switched
3632,encourage
3633,ocean
3634,submitted
3635,existing
3636,achieve
3637,capital
3638,islam
3639,savings
3640,skilled
3641,genius
3642,carbs
3643,pays
3644,dem
3645,opportunities
3646,tear
3647,drinks
3648,grind
3649,percent
3650,buildings
3651,ben
3652,initially
3653,freak
3654,bird
3655,aid
3656,register
3657,snow
3658,objects
3659,champions
3660,wire
3661,threats
3662,nail
3663,il
3664,county
3665,category
3666,therapy
3667,discussed
3668,comedy
3669,flesh
3670,grant
3671,rb
3672,naked
3673,dudes
3674,nowadays
3675,reveal
3676,discovered
3677,sucked
3678,everytime
3679,unlock
3680,url
3681,usb
3682,shorts
3683,drag
3684,magical
3685,houses
3686,void
3687,dammit
3688,manner
3689,heck
3690,exit
3691,nicely
3692,sorts
3693,forgetting
3694,disappointing
3695,relative
3696,ie
3697,tracking
3698,guest
3699,whoa
3700,handful
3701,supporters
3702,climate
3703,degrees
3704,racial
3705,records
3706,stat
3707,salary
3708,brothers
3709,continued
3710,paypal
3711,belt
3712,visiting
3713,contains
3714,developer
3715,pirate
3716,apologies
3717,fixing
3718,pages
3719,leaders
3720,landing
3721,repost
3722,trend
3723,existed
3724,summon
3725,northern
3726,ser
3727,lame
3728,stretch
3729,för
3730,junk
3731,missions
3732,creature
3733,justified
3734,downvotes
3735,pit
3736,supposedly
3737,narrative
3738,pre
3739,sight
3740,alliance
3741,48
3742,bush
3743,secure
3744,gut
3745,polish
3746,timer
3747,rick
3748,interaction
3749,walmart
3750,brush
3751,immediate
3752,phrase
3753,happiness
3754,conspiracy
3755,ignorance
3756,af
3757,recommendation
3758,steel
3759,lyrics
3760,entered
3761,robot
3762,shocked
3763,involve
3764,hitler
3765,latter
3766,auch
3767,lifting
3768,studio
3769,asleep
3770,democratic
3771,worthy
3772,to=/r/globaloffensivetrade
3773,fool
3774,philosophy
3775,bones
3776,^^^message
3777,tension
3778,carbon
3779,intentions
3780,doors
3781,chris
3782,returned
3783,chip
3784,ourselves
3785,2010
3786,waited
3787,landlord
3788,ios
3789,firing
3790,^^^feedback
3791,tongue
3792,sci-fi
3793,2011
3794,overly
3795,seek
3796,york
3797,minister
3798,deliver
3799,implying
3800,claimed
3801,fields
3802,vehicles
3803,^^^or
3804,relate
3805,criminal
3806,anti
3807,______
3808,refused
3809,roof
3810,dash
3811,desire
3812,^^^any
3813,carefully
3814,journey
3815,^^^bot
3816,employer
3817,ne
3818,banner
3819,meaningful
3820,utc
3821,^^^have
3822,gates
3823,heh
3824,editing
3825,invited
3826,critical
3827,grandmother
3828,halfway
3829,pen
3830,pour
3831,^^^if
3832,generate
3833,kevin
3834,goat
3835,loading
3836,upgraded
3837,ridiculously
3838,hockey
3839,leaning
3840,scoring
3841,def
3842,transition
3843,boots
3844,demon
3845,^^^/u/fursec
3846,cock
3847,believing
3848,universal
3849,pussy
3850,speeds
3851,judgement
3852,é
3853,searching
3854,bastard
3855,collect
3856,blacks
3857,chocolate
3858,chapter
3859,^^^you
3860,inch
3861,insight
3862,sizes
3863,^^^suggestions
3864,ed
3865,oracle
3866,ssd
3867,opponents
3868,rookie
3869,throne
3870,grasp
3871,engage
3872,david
3873,silent
3874,stolen
3875,toys
3876,optional
3877,tab
3878,corruption
3879,^^^am
3880,maintenance
3881,feminism
3882,vegas
3883,fitting
3884,dual
3885,creates
3886,voters
3887,eg
3888,^^^please
3889,slaves
3890,represent
3891,shelli
3892,quests
3893,desktop
3894,yards
3895,protected
3896,sticking
3897,mais
3898,expectations
3899,alt
3900,failing
3901,blocking
3902,increasing
3903,websites
3904,surprisingly
3905,og
3906,dungeon
3907,intake
3908,frankly
3909,uncle
3910,birds
3911,ops
3912,nightmare
3913,rated
3914,crush
3915,mmo
3916,behaviour
3917,ironic
3918,wasting
3919,trades
3920,kiss
3921,parks
3922,funding
3923,tire
3924,worries
3925,bump
3926,remotely
3927,medicine
3928,afternoon
3929,currency
3930,whom
3931,nyc
3932,sexually
3933,capitalism
3934,hopes
3935,monsters
3936,genuine
3937,breathing
3938,coat
3939,fishing
3940,punishment
3941,frozen
3942,visible
3943,served
3944,wii
3945,gotcha
3946,shake
3947,strongest
3948,armed
3949,jones
3950,explore
3951,ignored
3952,fork
3953,witcher
3954,не
3955,/r/videos
3956,division
3957,whore
3958,5th
3959,fiber
3960,albums
3961,fought
3962,republican
3963,saves
3964,funds
3965,gem
3966,disc
3967,stood
3968,powder
3969,realise
3970,examine
3971,drawn
3972,cultures
3973,pub
3974,homeless
3975,twist
3976,commit
3977,meds
3978,therapist
3979,logo
3980,ja
3981,alternate
3982,promote
3983,weaker
3984,giants
3985,pricing
3986,emergency
3987,checks
3988,dated
3989,donald
3990,murdered
3991,entertaining
3992,hyped
3993,chase
3994,theyre
3995,historical
3996,aliens
3997,grinding
3998,jordan
3999,rings
4000,signal
4001,destruction
4002,survival
4003,pressing
4004,lifestyle
4005,signing
4006,thankfully
4007,scored
4008,codes
4009,advertising
4010,spoilers
4011,screens
4012,reasonably
4013,emperor
4014,forest
4015,privacy
4016,requirement
4017,it’s
4018,doubts
4019,tracks
4020,savage
4021,inflation
4022,workout
4023,echo
4024,purely
4025,sells
4026,gp
4027,re
4028,replacing
4029,bizarre
4030,programming
4031,guilt
4032,devil
4033,upvoted
4034,lacking
4035,worthless
4036,st.
4037,mines
4038,kicking
4039,artists
4040,carried
4041,lens
4042,soldiers
4043,utterly
4044,safari
4045,cube
4046,prize
4047,badass
4048,pleasure
4049,princess
4050,revenue
4051,lion
4052,screaming
4053,dynamic
4054,pounds
4055,inventory
4056,concepts
4057,chart
4058,unlimited
4059,dare
4060,allies
4061,submissions
4062,tires
4063,exclusively
4064,surprising
4065,1080p
4066,males
4067,hatred
4068,jag
4069,socks
4070,safely
4071,duck
4072,preferred
4073,lips
4074,commonly
4075,ideology
4076,stacks
4077,trained
4078,29
4079,mentality
4080,absurd
4081,*is*
4082,dank
4083,requiring
4084,seats
4085,mins
4086,oops
4087,bone
4088,monthly
4089,solutions
4090,intent
4091,cheated
4092,occurred
4093,functions
4094,habit
4095,jumped
4096,interact
4097,pee
4098,jedi
4099,memes
4100,puppy
4101,wealth
4102,covers
4103,membership
4104,ftfy
4105,humor
4106,quarter
4107,float
4108,sweden
4109,blm
4110,commander
4111,frequent
4112,loaded
4113,applications
4114,flavors
4115,protest
4116,tested
4117,motivation
4118,fucks
4119,inning
4120,contribution
4121,protecting
4122,generations
4123,beers
4124,lightning
4125,vague
4126,republicans
4127,nasty
4128,ladder
4129,beings
4130,element
4131,supplies
4132,minion
4133,mile
4134,june
4135,creation
4136,screenshot
4137,ol
4138,reserve
4139,spoke
4140,skinny
4141,afterwards
4142,territory
4143,**please
4144,sensitive
4145,poverty
4146,turkey
4147,chunk
4148,hardcore
4149,christianity
4150,informed
4151,jersey
4152,sec
4153,restaurants
4154,7th
4155,conflict
4156,sa
4157,router
4158,ripped
4159,shits
4160,rating
4161,languages
4162,texts
4163,hurting
4164,driven
4165,improving
4166,knock
4167,joined
4168,arrest
4169,reads
4170,bow
4171,rack
4172,bots
4173,addiction
4174,honey
4175,inner
4176,invested
4177,materials
4178,surrounding
4179,jacob
4180,specs
4181,deeply
4182,reputation
4183,divorce
4184,bubble
4185,sarcasm
4186,playoffs
4187,interviews
4188,dicks
4189,visited
4190,wondered
4191,provides
4192,sony
4193,medication
4194,ours
4195,hardest
4196,3ds
4197,readers
4198,theories
4199,portland
4200,deposited
4201,atm
4202,rep
4203,cis
4204,pump
4205,appearance
4206,permission
4207,atmosphere
4208,grip
4209,overcome
4210,napoleon
4211,conscious
4212,efficiency
4213,ult
4214,panic
4215,tour
4216,minds
4217,convenient
4218,thx
4219,ny
4220,abortion
4221,thick
4222,overwhelming
4223,trail
4224,eso
4225,abused
4226,honesty
4227,lbs
4228,automatic
4229,ate
4230,*not*
4231,atheist
4232,successfully
4233,seemingly
4234,nintendo
4235,resource
4236,locations
4237,helmet
4238,choosing
4239,timing
4240,occur
4241,lee
4242,ranged
4243,violate
4244,handy
4245,stance
4246,pile
4247,stepped
4248,intelligence
4249,throws
4250,excel
4251,marry
4252,quotes
4253,rotation
4254,intel
4255,reports
4256,earned
4257,associated
4258,challenging
4259,stored
4260,manga
4261,tackle
4262,presented
4263,emotion
4264,vi
4265,32
4266,worker
4267,cum
4268,spin
4269,praise
4270,importantly
4271,muscles
4272,corrupt
4273,90s
4274,arrow
4275,exclusive
4276,democrats
4277,publicly
4278,organized
4279,expressed
4280,hooked
4281,depressed
4282,ultra
4283,solely
4284,wr
4285,excess
4286,metric
4287,seal
4288,twitch
4289,semester
4290,charles
4291,gained
4292,matching
4293,laying
4294,scratch
4295,slavery
4296,popularity
4297,beef
4298,outta
4299,layer
4300,va
4301,dungeons
4302,equality
4303,//www.reddit.com/r/askreddit/wiki/index
4304,stannis
4305,grace
4306,surrounded
4307,magazine
4308,coverage
4309,awareness
4310,nsfw
4311,senior
4312,intention
4313,jason
4314,task
4315,suits
4316,dice
4317,output
4318,queue
4319,treating
4320,seller
4321,assets
4322,2.5
4323,outfit
4324,goods
4325,ladies
4326,vary
4327,increases
4328,caps
4329,paste
4330,zombie
4331,resort
4332,reminded
4333,lease
4334,bloody
4335,sounded
4336,progression
4337,39
4338,clan
4339,6.
4340,asia
4341,clay
4342,attend
4343,subway
4344,fc
4345,masters
4346,extension
4347,disaster
4348,python
4349,soccer
4350,dmg
4351,finance
4352,regulations
4353,errors
4354,exceptions
4355,lighting
4356,practical
4357,habits
4358,redditors
4359,session
4360,planes
4361,clarification
4362,jimmy
4363,database
4364,sufficient
4365,spider
4366,thoroughly
4367,leagues
4368,agency
4369,di
4370,preference
4371,belong
4372,rng
4373,designs
4374,punished
4375,burden
4376,bulk
4377,socialist
4378,contrary
4379,responses
4380,weekly
4381,4k
4382,stages
4383,como
4384,firm
4385,von
4386,downloaded
4387,psu
4388,addressing
4389,pretending
4390,—
4391,joining
4392,cam
4393,josh
4394,fighters
4395,transactions
4396,caring
4397,dev
4398,construction
4399,throat
4400,charlotte
4401,conversations
4402,bikes
4403,spy
4404,located
4405,ttk
4406,clips
4407,occasional
4408,mentions
4409,psychological
4410,governments
4411,closely
4412,submitting
4413,seeking
4414,upload
4415,baker
4416,tattoo
4417,pity
4418,involves
4419,worn
4420,poison
4421,defender
4422,connections
4423,barrel
4424,virgin
4425,deaths
4426,tesla
4427,wore
4428,batteries
4429,yelling
4430,battles
4431,attracted
4432,chair
4433,playlist
4434,expand
4435,weekends
4436,dna
4437,grandma
4438,expression
4439,sized
4440,supportive
4441,amiibo
4442,vice
4443,engineer
4444,wisdom
4445,bell
4446,longest
4447,shark
4448,visual
4449,top-level
4450,leak
4451,finishing
4452,j
4453,exploit
4454,alternatively
4455,hates
4456,ss
4457,restrictions
4458,pin
4459,tattoos
4460,perceived
4461,mexican
4462,strictly
4463,blows
4464,organic
4465,irish
4466,twisted
4467,nickname
4468,^^|
4469,bob
4470,mistaken
4471,marijuana
4472,verify
4473,produced
4474,irl
4475,dealer
4476,formatting
4477,pun
4478,120
4479,screenshots
4480,explicitly
4481,republic
4482,ranks
4483,frustrated
4484,bands
4485,agenda
4486,dutch
4487,origin
4488,estimate
4489,feminists
4490,fort
4491,m8
4492,par
4493,ma
4494,continuing
4495,thursday
4496,quitting
4497,gladly
4498,sorta
4499,capture
4500,guardian
4501,cooked
4502,shelf
4503,satisfying
4504,adam
4505,preseason
4506,kingdom
4507,elaborate
4508,award
4509,meaningless
4510,formula
4511,delivered
4512,manually
4513,poem
4514,agreement
4515,cure
4516,defined
4517,aa
4518,arrive
4519,steak
4520,ea
4521,fyi
4522,touching
4523,receiving
4524,pros
4525,wealthy
4526,stealth
4527,pirates
4528,27
4529,garden
4530,icon
4531,commented
4532,twin
4533,ceiling
4534,26
4535,backed
4536,solar
4537,politically
4538,lifetime
4539,commenting
4540,bra
4541,answering
4542,tube
4543,previously
4544,folder
4545,streak
4546,instagram
4547,discount
4548,runner
4549,inconvenience
4550,introduce
4551,accomplish
4552,shoulders
4553,buffs
4554,pathetic
4555,catching
4556,daddy
4557,mages
4558,council
4559,wilson
4560,roman
4561,annie
4562,bf
4563,sheep
4564,shortly
4565,raped
4566,primarily
4567,scout
4568,symptoms
4569,resist
4570,rooney
4571,est
4572,strict
4573,sacrifice
4574,pills
4575,blink
4576,wings
4577,wwe
4578,cloud
4579,crisis
4580,wednesday
4581,safer
4582,sandbox
4583,shine
4584,twins
4585,regulation
4586,charging
4587,abide
4588,cena
4589,flawed
4590,scroll
4591,thomas
4592,wat
4593,spoken
4594,operate
4595,complaints
4596,hood
4597,immortal
4598,hack
4599,don
4600,relax
4601,unlocked
4602,revenge
4603,confirmation
4604,bedroom
4605,rides
4606,basketball
4607,incentive
4608,nba
4609,lanes
4610,concert
4611,boston
4612,pie
4613,2016
4614,drill
4615,poke
4616,violation
4617,cache
4618,des
4619,interpretation
4620,inches
4621,crashed
4622,defeat
4623,supreme
4624,mega
4625,constitution
4626,transaction
4627,arguably
4628,latin
4629,touched
4630,romance
4631,tuesday
4632,bottles
4633,clarify
4634,declared
4635,analogy
4636,gps
4637,prepare
4638,amd
4639,actors
4640,drafted
4641,corporations
4642,unity
4643,brackets
4644,discussions
4645,dealt
4646,stadium
4647,eve
4648,dancing
4649,follows
4650,mint
4651,shadowbanned
4652,suggests
4653,chaos
4654,^bot
4655,scream
4656,robots
4657,hostile
4658,6th
4659,polite
4660,recover
4661,cooldown
4662,reaching
4663,involving
4664,reader
4665,atleast
4666,harper
4667,upvotes
4668,deadly
4669,voices
4670,consideration
4671,dialogue
4672,creep
4673,meg
4674,clinton
4675,mountains
4676,coil
4677,rail
4678,*that*
4679,sits
4680,risky
4681,bundle
4682,repeated
4683,approval
4684,pipe
4685,crit
4686,footage
4687,hiring
4688,styles
4689,investing
4690,arrived
4691,fourth
4692,narrow
4693,theater
4694,attempts
4695,͜ʖ
4696,witness
4697,redditor
4698,eastern
4699,disorder
4700,casting
4701,teammates
4702,gamers
4703,så
4704,fury
4705,placement
4706,hungry
4707,dr.
4708,banning
4709,sprint
4710,ryan
4711,lighter
4712,violated
4713,streets
4714,letters
4715,aggro
4716,indication
4717,canon
4718,similarly
4719,kyle
4720,soda
4721,mentioning
4722,^a
4723,clip
4724,towns
4725,spoiled
4726,charity
4727,kitty
4728,mm
4729,decrease
4730,overweight
4731,miller
4732,sum
4733,launcher
4734,ac
4735,slots
4736,partners
4737,highlight
4738,salad
4739,dozens
4740,reminder
4741,resistance
4742,regen
4743,believes
4744,comfort
4745,terribly
4746,creatures
4747,skype
4748,asap
4749,blocked
4750,twenty
4751,strangers
4752,correction
4753,talented
4754,inevitable
4755,reporting
4756,970
4757,misleading
4758,inferior
4759,queen
4760,mediocre
4761,luxury
4762,wrapped
4763,consumer
4764,openly
4765,terrifying
4766,conduct
4767,eagles
4768,delayed
4769,opens
4770,exhaust
4771,handling
4772,tipping
4773,expenses
4774,shell
4775,rope
4776,essential
4777,fb
4778,january
4779,aoe
4780,petty
4781,pero
4782,sends
4783,desert
4784,grabbed
4785,golf
4786,passion
4787,succeed
4788,strikes
4789,convert
4790,oxygen
4791,serving
4792,patches
4793,//steamcommunity.com/tradeoffer/new/
4794,bonuses
4795,exp
4796,weigh
4797,comparable
4798,joy
4799,encounter
4800,gb
4801,hip
4802,destroying
4803,consoles
4804,assistance
4805,soap
4806,heading
4807,wireless
4808,miners
4809,symbol
4810,myth
4811,director
4812,fnaf
4813,sustain
4814,healer
4815,lego
4816,vibe
4817,privilege
4818,collected
4819,covering
4820,measures
4821,bases
4822,iraq
4823,à
4824,flaws
4825,betting
4826,admin
4827,hmmm
4828,stability
4829,rushing
4830,mainstream
4831,legacy
4832,secondary
4833,premise
4834,w/
4835,shitting
4836,improvements
4837,worthwhile
4838,bye
4839,acknowledge
4840,realizing
4841,insulting
4842,photoshop
4843,eight
4844,collapse
4845,putlocker
4846,african
4847,comp
4848,sc
4849,obsessed
4850,observation
4851,clicked
4852,legion
4853,yield
4854,2009
4855,utility
4856,tops
4857,trips
4858,ammo
4859,arts
4860,yell
4861,ronda
4862,*will*
4863,naive
4864,industries
4865,belly
4866,patron
4867,rolled
4868,reflect
4869,tasks
4870,rally
4871,unsure
4872,additionally
4873,frames
4874,disk
4875,troops
4876,idiotic
4877,vault
4878,rap
4879,cheapest
4880,wages
4881,ego
4882,bright
4883,earning
4884,streams
4885,sonic
4886,paranoid
4887,broad
4888,tagging
4889,racists
4890,nicer
4891,sector
4892,aunt
4893,efforts
4894,ford
4895,fallen
4896,csgo
4897,goodness
4898,hm
4899,neighborhood
4900,shipped
4901,brands
4902,mexico
4903,trials
4904,staring
4905,nova
4906,feeding
4907,novel
4908,sessions
4909,wonders
4910,mcdonalds
4911,writers
4912,paragraph
4913,associate
4914,buck
4915,fridge
4916,bruh
4917,multiplayer
4918,cells
4919,ruining
4920,nicht
4921,whatsoever
4922,kings
4923,navy
4924,spoiler
4925,ireland
4926,res
4927,whilst
4928,criminals
4929,password
4930,ingredients
4931,operating
4932,complaint
4933,iran
4934,adopted
4935,alarm
4936,rats
4937,sheet
4938,tribe
4939,torque
4940,sue
4941,hills
4942,^i
4943,damnit
4944,blaming
4945,drone
4946,gamer
4947,literature
4948,imho
4949,breed
4950,carrier
4951,suitable
4952,misunderstanding
4953,advocate
4954,lay
4955,bungie
4956,warranty
4957,pill
4958,knee
4959,nazi
4960,*are*
4961,bacon
4962,prob
4963,drain
4964,concrete
4965,usd
4966,spammers
4967,tomatoes
4968,insanely
4969,sequel
4970,cleaned
4971,spreading
4972,craigslist
4973,stewart
4974,overnight
4975,southern
4976,28
4977,brakes
4978,academy
4979,pronounced
4980,finals
4981,plug
4982,timeline
4983,taller
4984,encountered
4985,documentary
4986,spice
4987,indian
4988,sink
4989,bitches
4990,noticeable
4991,waking
4992,meanwhile
4993,jam
4994,pound
4995,vendor
4996,distribution
4997,traveling
4998,avoiding
4999,attraction
5000,mit
5001,sexuality
5002,beneficial
5003,ce
5004,franchise
5005,depressing
5006,ally
5007,mining
5008,hash
5009,studied
5010,dish
5011,gore
5012,oppose
5013,1/2
5014,rational
5015,cooperation
5016,'em
5017,marked
5018,mindset
5019,packages
5020,weights
5021,compromise
5022,convention
5023,entertainment
5024,shopping
5025,immigrants
5026,/p
5027,payments
5028,upcoming
5029,virtual
5030,ownership
5031,activate
5032,layout
5033,distinction
5034,releases
5035,logs
5036,cancel
5037,kicks
5038,exploring
5039,entering
5040,talents
5041,keeper
5042,horribly
5043,ned
5044,browsing
5045,hatch
5046,owe
5047,weakness
5048,conclusions
5049,domain
5050,traps
5051,drafting
5052,comcast
5053,dive
5054,scales
5055,guides
5056,pitcher
5057,swim
5058,rome
5059,index
5060,emails
5061,procedure
5062,translate
5063,reform
5064,cart
5065,glitch
5066,fnatic
5067,yelled
5068,ui
5069,upgrading
5070,nearby
5071,homework
5072,cleared
5073,bust
5074,hosting
5075,dominant
5076,raiders
5077,shave
5078,skull
5079,popcorn
5080,sucking
5081,spelling
5082,pad
5083,roommates
5084,coincidence
5085,parliament
5086,ranger
5087,communicate
5088,tent
5089,bans
5090,outdated
5091,ward
5092,buried
5093,robin
5094,zoo
5095,grounds
5096,speaker
5097,slap
5098,bruce
5099,nhl
5100,y'all
5101,rose
5102,ratio
5103,achievement
5104,leadership
5105,jets
5106,winners
5107,msi
5108,caution
5109,cardio
5110,doom
5111,soldier
5112,brazil
5113,bull
5114,thumb
5115,wires
5116,logan
5117,palestinians
5118,slim
5119,stole
5120,particles
5121,mal
5122,posters
5123,//github.com/trambelus/usersim
5124,homes
5125,c9
5126,couch
5127,legendaries
5128,crow
5129,coins
5130,ranking
5131,banks
5132,momentum
5133,atheists
5134,bronze
5135,wrist
5136,scrub
5137,boats
5138,encouraging
5139,spiders
5140,dramatic
5141,vita
5142,michigan
5143,batch
5144,^^subreddit
5145,installing
5146,sing
5147,stations
5148,automation
5149,hearts
5150,trek
5151,tolerated
5152,washing
5153,bothers
5154,addressed
5155,"10,000"
5156,afaik
5157,bound
5158,extend
5159,employed
5160,2.0
5161,gears
5162,towers
5163,messing
5164,execution
5165,plz
5166,10th
5167,evolution
5168,deeper
5169,cracked
5170,unfortunate
5171,angel
5172,shallow
5173,springs
5174,practiced
5175,tooth
5176,in-game
5177,occurs
5178,aswell
5179,comprehensive
5180,elf
5181,lasted
5182,obese
5183,discover
5184,villains
5185,shirts
5186,ubuntu
5187,practicing
5188,cousin
5189,socially
5190,1.5
5191,begins
5192,sexism
5193,domestic
5194,stem
5195,smarter
5196,climb
5197,sentiment
5198,engaged
5199,^^info
5200,pig
5201,cartoon
5202,norway
5203,wording
5204,steven
5205,tiger
5206,expectation
5207,honda
5208,martin
5209,knocked
5210,ease
5211,vaguely
5212,ashamed
5213,signals
5214,ff
5215,italy
5216,noted
5217,gtx
5218,ama
5219,fried
5220,motherboard
5221,jumps
5222,vertical
5223,zen
5224,lawyers
5225,recommendations
5226,65
5227,qualify
5228,ruins
5229,/r/tometric
5230,36
5231,heel
5232,i5
5233,suspicious
5234,tan
5235,dd
5236,stairs
5237,regard
5238,worrying
5239,cited
5240,toronto
5241,challenges
5242,immature
5243,valley
5244,demanding
5245,walker
5246,vr
5247,announcement
5248,industrial
5249,switches
5250,uploaded
5251,peanut
5252,shotgun
5253,trucks
5254,**your
5255,alert
5256,backing
5257,transfers
5258,artificial
5259,friendship
5260,plates
5261,landed
5262,demo
5263,fails
5264,borders
5265,brady
5266,tablet
5267,*really*
5268,gm
5269,drake
5270,conference
5271,attempting
5272,jury
5273,unaltered
5274,hdd
5275,verse
5276,2003
5277,downloading
5278,poop
5279,economics
5280,fade
5281,hah
5282,agrees
5283,pleasant
5284,motivated
5285,struggles
5286,excuses
5287,phantom
5288,axe
5289,inappropriate
5290,developing
5291,lava
5292,volunteer
5293,defence
5294,bolt
5295,interior
5296,hybrid
5297,jays
5298,endless
5299,prevents
5300,2007
5301,minecraft
5302,marks
5303,delay
5304,asylum
5305,cared
5306,neighbors
5307,/r/user_simulator
5308,**mouseover**
5309,concentration
5310,periods
5311,recipes
5312,techniques
5313,commands
5314,ceo
5315,poe
5316,cleaner
5317,gifts
5318,prescription
5319,detroit
5320,awake
5321,unrelated
5322,illness
5323,sjw
5324,radical
5325,confirms
5326,shout
5327,pickup
5328,transport
5329,kg
5330,burger
5331,shady
5332,soooo
5333,cage
5334,hulk
5335,ye
5336,shooter
5337,recognized
5338,bears
5339,forgotten
5340,mc
5341,components
5342,85
5343,scotland
5344,sli
5345,woah
5346,blew
5347,albeit
5348,warming
5349,jacket
5350,lied
5351,warehouse
5352,kan
5353,objectively
5354,hobby
5355,nails
5356,overrated
5357,museum
5358,bartender
5359,convincing
5360,operation
5361,lit
5362,elected
5363,//www.reddit.com/message/compose/
5364,blatantly
5365,intimate
5366,farmers
5367,nerfed
5368,bella
5369,restart
5370,district
5371,coal
5372,arcade
5373,cookies
5374,fate
5375,recorded
5376,cherry
5377,tasty
5378,torture
5379,chips
5380,nuke
5381,rob
5382,implied
5383,blowing
5384,speculation
5385,underground
5386,**not**
5387,600
5388,appointment
5389,courses
5390,crown
5391,corrected
5392,torn
5393,stones
5394,he/she
5395,ms.
5396,dip
5397,acid
5398,promotion
5399,0aplease
5400,pa
5401,chemistry
5402,locks
5403,clients
5404,mechanical
5405,subscribe
5406,warp
5407,tu
5408,freaked
5409,rural
5410,denver
5411,appeared
5412,css
5413,abandoned
5414,spain
5415,haters
5416,afk
5417,_
5418,definitions
5419,describing
5420,*before*
5421,tolerate
5422,sneak
5423,germans
5424,classroom
5425,scan
5426,harmful
5427,skyrim
5428,hiking
5429,visa
5430,gentle
5431,itt
5432,donate
5433,thief
5434,goofy
5435,copies
5436,problematic
5437,highlights
5438,precious
5439,indie
5440,quantity
5441,morally
5442,adjusted
5443,confusion
5444,camping
5445,purchases
5446,patriots
5447,filters
5448,mill
5449,subject=suggestion
5450,nodes
5451,grateful
5452,carrying
5453,1k
5454,proprietary
5455,^message
5456,spectrum
5457,//github.com/buttscicles/tweetposter/issues
5458,unions
5459,cubs
5460,pilot
5461,producing
5462,jackson
5463,blanket
5464,seed
5465,investigation
5466,uni
5467,identical
5468,proving
5469,representative
5470,drastically
5471,long-term
5472,subtle
5473,/r/tweetposter/comments/13relk/
5474,persons
5475,refusing
5476,snaps
5477,satisfied
5478,mutual
5479,flew
5480,mas
5481,ikke
5482,popping
5483,revolution
5484,mildly
5485,precisely
5486,poll
5487,popped
5488,atlanta
5489,satellite
5490,pearl
5491,**the
5492,uncommon
5493,commentary
5494,debating
5495,conservatives
5496,tweet
5497,noob
5498,circles
5499,km
5500,magically
5501,whites
5502,converted
5503,adapter
5504,chasing
5505,combos
5506,co
5507,repeatedly
5508,australian
5509,slipped
5510,2x
5511,bitter
5512,zones
5513,grass
5514,sounding
5515,auf
5516,badge
5517,spiritual
5518,lessons
5519,understandable
5520,outright
5521,mt
5522,secretly
5523,mystery
5524,harry
5525,qualified
5526,referred
5527,mra
5528,rifles
5529,preferably
5530,laser
5531,graphic
5532,knowledgeable
5533,ghosts
5534,eyebrows
5535,television
5536,assigned
5537,centre
5538,prince
5539,snake
5540,smiling
5541,obligation
5542,cylinder
5543,ninja
5544,beaten
5545,/compose/
5546,slept
5547,hating
5548,20report
5549,utter
5550,dawn
5551,copyright
5552,tony
5553,unpopular
5554,tim
5555,achieved
5556,0a
5557,tradition
5558,entrance
5559,typing
5560,unusual
5561,scum
5562,determined
5563,guardians
5564,//github.com/buttscicles/tweetposter
5565,ufc
5566,bent
5567,loser
5568,smiles
5569,experiencing
5570,selected
5571,printed
5572,controlling
5573,sealed
5574,bakers
5575,argued
5576,lil
5577,subject=error
5578,premium
5579,quoted
5580,alex
5581,cameras
5582,shocking
5583,guards
5584,mi
5585,bold
5586,shares
5587,limitations
5588,wut
5589,academic
5590,welp
5591,mobs
5592,manufacturer
5593,watches
5594,accurately
5595,blonde
5596,that’s
5597,exam
5598,demands
5599,googling
5600,saber
5601,thor
5602,phoenix
5603,raids
5604,pose
5605,assist
5606,introduction
5607,medieval
5608,gather
5609,clone
5610,incoming
5611,archived
5612,wod
5613,토렌.트
5614,rp
5615,greece
5616,walt
5617,biology
5618,britain
5619,november
5620,vagina
5621,bend
5622,compatible
5623,centuries
5624,tricks
5625,patience
5626,taunt
5627,*all*
5628,syria
5629,varies
5630,notion
5631,document
5632,instruments
5633,operations
5634,treasure
5635,flawless
5636,progressive
5637,sooo
5638,difficulties
5639,punk
5640,clearing
5641,lasting
5642,mixing
5643,ar
5644,sort=new
5645,replay
5646,jay
5647,consumers
5648,battlefield
5649,prospect
5650,bid
5651,continuity
5652,playable
5653,generated
5654,rescue
5655,solved
5656,fist
5657,tempo
5658,newbie
5659,bees
5660,laning
5661,recording
5662,blatant
5663,achievements
5664,closing
5665,curse
5666,climbing
5667,smartphone
5668,parallel
5669,revealed
5670,motor
5671,deserved
5672,champs
5673,smells
5674,refund
5675,intentional
5676,contributions
5677,unhappy
5678,busted
5679,bombers
5680,consume
5681,blast
5682,roots
5683,accessible
5684,damages
5685,trait
5686,restriction
5687,sole
5688,fusion
5689,electric
5690,embarrassing
5691,gene
5692,realised
5693,ethics
5694,seeds
5695,artwork
5696,whining
5697,clouds
5698,paladin
5699,chick
5700,sentences
5701,sr
5702,underrated
5703,che
5704,spamming
5705,establish
5706,mandatory
5707,fleet
5708,ties
5709,camps
5710,immune
5711,downside
5712,rising
5713,bacteria
5714,nevertheless
5715,siblings
5716,gw2
5717,published
5718,yoga
5719,hay
5720,denied
5721,decides
5722,passionate
5723,cope
5724,rust
5725,boards
5726,chooses
5727,insanity
5728,owns
5729,packed
5730,shelter
5731,orb
5732,snap
5733,knives
5734,nicotine
5735,au
5736,raging
5737,alternatives
5738,heels
5739,mounts
5740,zoom
5741,buys
5742,31
5743,booty
5744,medic
5745,credits
5746,deficit
5747,trends
5748,cups
5749,flipped
5750,proves
5751,duration
5752,mum
5753,**attention
5754,hollywood
5755,st
5756,turkish
5757,bucket
5758,israelis
5759,abs
5760,abusive
5761,offline
5762,minus
5763,2008
5764,smokes
5765,hackers
5766,/message/compose
5767,folk
5768,m9
5769,shoe
5770,punches
5771,lonely
5772,deleting
5773,2-4
5774,ideally
5775,secrets
5776,downvoting
5777,wildly
5778,terrorist
5779,unreasonable
5780,maker
5781,33
5782,np
5783,een
5784,vancouver
5785,vid
5786,linking
5787,p.s
5788,var
5789,unemployed
5790,preview
5791,55
5792,embarrassed
5793,stereotype
5794,bullets
5795,restore
5796,sober
5797,oblivion
5798,drank
5799,rant
5800,casually
5801,assumptions
5802,buyer
5803,festival
5804,scam
5805,tuned
5806,vegan
5807,sleeve
5808,violating
5809,b.
5810,opposition
5811,beans
5812,crowds
5813,duke
5814,4chan
5815,eaten
5816,10/10
5817,integrity
5818,divide
5819,disable
5820,estate
5821,doable
5822,horizon
5823,tutorial
5824,cod
5825,subscription
5826,tactic
5827,foul
5828,keen
5829,practices
5830,ps2
5831,curiosity
5832,carb
5833,creator
5834,aber
5835,relief
5836,ça
5837,cooling
5838,marathon
5839,doc
5840,underwear
5841,preferences
5842,distinguish
5843,favour
5844,infinity
5845,prejudice
5846,threatening
5847,understands
5848,worship
5849,firefox
5850,unhealthy
5851,blues
5852,affects
5853,jungler
5854,brutal
5855,chamber
5856,carolina
5857,releasing
5858,^/
5859,aiming
5860,gallery
5861,deer
5862,roller
5863,bath
5864,fluid
5865,headline
5866,installation
5867,gig
5868,7.
5869,lobby
5870,gtfo
5871,communist
5872,ppl
5873,dressing
5874,representing
5875,snacks
5876,psychology
5877,instances
5878,judges
5879,rubber
5880,hunger
5881,googled
5882,deposit
5883,wizard
5884,passage
5885,pope
5886,warriors
5887,spike
5888,mall
5889,you’re
5890,sticks
5891,mice
5892,choo
5893,decently
5894,10.
5895,broadcast
5896,fame
5897,rabbit
5898,gallons
5899,gnome
5900,agents
5901,westeros
5902,suspension
5903,freely
5904,reactions
5905,behalf
5906,instrumental
5907,managing
5908,happily
5909,striker
5910,simultaneously
5911,mild
5912,architecture
5913,optimal
5914,costa
5915,tweak
5916,50/50
5917,temps
5918,virtually
5919,temperature
5920,mayor
5921,singapore
5922,hats
5923,competent
5924,sticker
5925,evolve
5926,wells
5927,eli5
5928,produces
5929,reducing
5930,statute
5931,booth
5932,listing
5933,cheesy
5934,whine
5935,98
5936,promoting
5937,pressed
5938,principle
5939,spec
5940,borderlands
5941,stroke
5942,meetings
5943,a.
5944,discard
5945,veterans
5946,verification
5947,mob
5948,heroin
5949,polls
5950,partial
5951,triggers
5952,bravo
5953,variable
5954,summary
5955,traits
5956,reps
5957,3-4
5958,terrified
5959,advise
5960,artifacts
5961,gamble
5962,mileage
5963,regions
5964,dm
5965,grief
5966,darkness
5967,char
5968,crane
5969,registered
5970,survived
5971,liverpool
5972,representation
5973,grad
5974,ab
5975,tt
5976,ooc
5977,hassle
5978,retard
5979,sins
5980,engineers
5981,mechanism
5982,runes
5983,colts
5984,ordering
5985,espn
5986,electronics
5987,december
5988,lineup
5989,screws
5990,frost
5991,replying
5992,storyline
5993,theaters
5994,pacific
5995,inherently
5996,selftext_html
5997,oppressed
5998,trusted
5999,tasted
6000,atheism
6001,comeback
6002,tabs
6003,expanding
6004,painting
6005,meantime
6006,urge
6007,teenage
6008,morty
6009,impress
6010,commitment
6011,withdrawal
6012,bummer
6013,peter
6014,mere
6015,collections
6016,handled
6017,insecure
6018,mvp
6019,grabbing
6020,dot
6021,arrogant
6022,debates
6023,tiers
6024,maintained
6025,insist
6026,gmos
6027,2k
6028,likewise
6029,miserable
6030,presumably
6031,refers
6032,fanbase
6033,attitudes
6034,swedish
6035,sandwich
6036,don’t
6037,asians
6038,civilization
6039,instructions
6040,markets
6041,crowded
6042,stretching
6043,formal
6044,rekt
6045,tyrion
6046,professor
6047,^\
6048,evga
6049,idle
6050,irony
6051,iq
6052,lennie
6053,ramp
6054,wooden
6055,graduated
6056,charger
6057,boundaries
6058,toes
6059,calendar
6060,64
6061,essence
6062,trudeau
6063,moron
6064,retirement
6065,grain
6066,ett
6067,shaking
6068,rider
6069,equation
6070,expansions
6071,~~
6072,gamergate
6073,enforce
6074,spurs
6075,aint
6076,marine
6077,int
6078,maxed
6079,sensible
6080,wrap
6081,abusing
6082,idol
6083,tragedy
6084,paranoia
6085,desired
6086,promised
6087,susceptible
6088,meals
6089,warnings
6090,israeli
6091,brains
6092,downtown
6093,chemicals
6094,spit
6095,fetus
6096,meter
6097,arch
6098,motherfucker
6099,ironically
6100,dorm
6101,contender
6102,niche
6103,focuses
6104,funded
6105,enjoys
6106,respectful
6107,unstable
6108,highschool
6109,nostalgia
6110,italian
6111,asses
6112,oldest
6113,arbitrary
6114,*a
6115,accomplished
6116,jaime
6117,roast
6118,documents
6119,orthodox
6120,nc
6121,edgy
6122,infinitely
6123,morality
6124,perk
6125,acceleration
6126,rankings
6127,twilight
6128,caffeine
6129,saints
6130,breast
6131,diverse
6132,comply
6133,duo
6134,massively
6135,discrimination
6136,elo
6137,más
6138,d.
6139,borrow
6140,wayne
6141,trains
6142,scientists
6143,'the
6144,mobility
6145,lg
6146,gang
6147,jk
6148,druid
6149,invasion
6150,boxing
6151,relations
6152,designer
6153,propaganda
6154,wenn
6155,stunning
6156,apartments
6157,mixture
6158,wreck
6159,shade
6160,sync
6161,disturbing
6162,temp
6163,participating
6164,flowers
6165,bitching
6166,pulse
6167,imagination
6168,login
6169,nos
6170,unrealistic
6171,garen
6172,blades
6173,harris
6174,desirable
6175,amongst
6176,norm
6177,refreshing
6178,yah
6179,j'ai
6180,trunk
6181,genesis
6182,costco
6183,protests
6184,biological
6185,100k
6186,oc
6187,rig
6188,alabama
6189,baked
6190,doomed
6191,/r/music
6192,armour
6193,spinning
6194,holiday
6195,midwest
6196,movements
6197,razor
6198,arabia
6199,thunder
6200,ansel
6201,martial
6202,rod
6203,rebecca
6204,gray
6205,boosted
6206,lesbian
6207,justin
6208,woods
6209,moderator
6210,bounty
6211,choke
6212,ethnic
6213,encouraged
6214,fixes
6215,romantic
6216,particle
6217,transportation
6218,explode
6219,fwiw
6220,apples
6221,skeptical
6222,instrument
6223,grandfather
6224,wenger
6225,someday
6226,gloves
6227,eine
6228,eats
6229,compelling
6230,ole
6231,appearing
6232,cunts
6233,micro
6234,bin
6235,butcher
6236,olds
6237,relaxed
6238,pr
6239,branches
6240,mobo
6241,recruiting
6242,handles
6243,treats
6244,minorities
6245,repeating
6246,bash
6247,assure
6248,flags
6249,24/7
6250,vpn
6251,amazed
6252,laptops
6253,protagonist
6254,sim
6255,für
6256,historically
6257,planted
6258,ra
6259,viewed
6260,sharking
6261,kim
6262,hub
6263,tables
6264,vince
6265,oz
6266,couldnt
6267,predictable
6268,illusion
6269,counted
6270,swift
6271,pilots
6272,rollins
6273,ir
6274,burnt
6275,landscape
6276,vacuum
6277,warned
6278,980ti
6279,lcs
6280,fairy
6281,interactions
6282,'i
6283,paris
6284,tagged
6285,hosted
6286,properties
6287,referenced
6288,outfits
6289,restrict_sr=on
6290,beside
6291,hearthstone
6292,constructive
6293,enforcing
6294,orientation
6295,cardboard
6296,breeding
6297,gifted
6298,waist
6299,saudi
6300,colt
6301,describes
6302,etc.
6303,shitpost
6304,elections
6305,prompt
6306,makers
6307,rivalry
6308,bout
6309,grandparents
6310,fires
6311,villain
6312,punctuation
6313,barrier
6314,colorado
6315,relation
6316,eliminate
6317,wired
6318,steady
6319,fucker
6320,islamic
6321,2005
6322,assassin
6323,soundtrack
6324,rapist
6325,reduction
6326,heaven
6327,brief
6328,aj
6329,todo
6330,washed
6331,infantry
6332,remake
6333,gop
6334,conquest
6335,tolerance
6336,themes
6337,cult
6338,relying
6339,puzzle
6340,versa
6341,isolated
6342,mighty
6343,jeb
6344,nerd
6345,quicker
6346,mommy
6347,grenades
6348,napoleonic
6349,2/3
6350,bi
6351,amendment
6352,patched
6353,brave
6354,4-5
6355,butthurt
6356,negate
6357,beam
6358,dressed
6359,nada
6360,remote
6361,potatoes
6362,electrical
6363,formed
6364,apparent
6365,flowing
6366,harmony
6367,roger
6368,blake
6369,vm
6370,scare
6371,cried
6372,coke
6373,crucible
6374,criticize
6375,blond
6376,heights
6377,invented
6378,smoked
6379,approve
6380,inform
6381,tricky
6382,distinct
6383,noting
6384,vocals
6385,spotted
6386,rental
6387,miami
6388,unexpected
6389,delusional
6390,labels
6391,garage
6392,pushes
6393,convenience
6394,pale
6395,duh
6396,slave
6397,gambling
6398,sig
6399,anecdotal
6400,numerous
6401,followers
6402,ash
6403,pairs
6404,performing
6405,*****
6406,citizenship
6407,sf
6408,airport
6409,tp
6410,pikachu
6411,professionals
6412,maintaining
6413,knees
6414,dumbass
6415,iii
6416,fundamental
6417,nailed
6418,courage
6419,contributing
6420,productive
6421,transferred
6422,bbq
6423,appreciation
6424,pops
6425,collecting
6426,triggered
6427,speaks
6428,aaa
6429,140
6430,engaging
6431,implementing
6432,activation
6433,sympathy
6434,charlie
6435,preventing
6436,oddly
6437,headphones
6438,chests
6439,royal
6440,matched
6441,md
6442,spelled
6443,orbs
6444,80s
6445,x-men
6446,t-shirt
6447,singer
6448,dispute
6449,implications
6450,papers
6451,hunters
6452,indicate
6453,ak
6454,import
6455,encounters
6456,720p
6457,exposure
6458,prep
6459,ohio
6460,drum
6461,mg
6462,sarcastic
6463,funeral
6464,slam
6465,stocks
6466,yasuo
6467,10k
6468,profits
6469,commute
6470,на
6471,updating
6472,parade
6473,nvidia
6474,seth
6475,unreal
6476,*you*
6477,headed
6478,vegetarian
6479,anniversary
6480,accused
6481,aura
6482,horses
6483,911
6484,pins
6485,wherever
6486,trails
6487,java
6488,mates
6489,premier
6490,priorities
6491,feat
6492,cancelled
6493,tournaments
6494,vaping
6495,slip
6496,contacting
6497,crafting
6498,flower
6499,purposely
6500,resurrection
6501,hindsight
6502,dialects
6503,putin
6504,carriers
6505,priced
6506,remix
6507,greedy
6508,behave
6509,tactical
6510,ref
6511,committing
6512,placing
6513,ut
6514,br
6515,bp
6516,applicable
6517,thankful
6518,explosion
6519,modes
6520,ratings
6521,*and*
6522,aaron
6523,moderate
6524,joker
6525,5k
6526,cowboys
6527,explicit
6528,laughs
6529,ps3
6530,render
6531,playstation
6532,labeled
6533,nxt
6534,platinum
6535,slash
6536,sections
6537,missile
6538,pebble
6539,justification
6540,denmark
6541,textbook
6542,overkill
6543,addresses
6544,correlation
6545,tragic
6546,spite
6547,zombies
6548,scammer
6549,newest
6550,liberals
6551,jerry
6552,overview
6553,conquer
6554,hella
6555,shaving
6556,tourists
6557,shed
6558,ham
6559,invalid
6560,*this
6561,backstory
6562,settled
6563,microphone
6564,cringe
6565,8.1
6566,guests
6567,gauge
6568,ancestors
6569,immoral
6570,finale
6571,permitted
6572,whichever
6573,motorcycle
6574,+/u/user_simulator
6575,accusations
6576,misread
6577,disconnected
6578,dumped
6579,basics
6580,narrator
6581,javascript
6582,realistically
6583,spiderman
6584,750
6585,container
6586,lethal
6587,independence
6588,bandwidth
6589,immensely
6590,buyout
6591,gently
6592,spies
6593,dimension
6594,themed
6595,establishment
6596,rejection
6597,tub
6598,heated
6599,viewer
6600,sincerely
6601,referencing
6602,scenarios
6603,viewing
6604,avatar
6605,bait
6606,flexible
6607,veteran
6608,uniform
6609,ft
6610,techies
6611,approaching
6612,jar
6613,environments
6614,skeltal
6615,ness
6616,resolve
6617,c'mon
6618,doubles
6619,cliff
6620,hoped
6621,brick
6622,classified
6623,piano
6624,customs
6625,jp
6626,automated
6627,c'est
6628,props
6629,demographic
6630,snipers
6631,trivial
6632,horns
6633,castle
6634,backs
6635,proceeded
6636,plugs
6637,courts
6638,faction
6639,hike
6640,texting
6641,topics
6642,trinity
6643,capped
6644,onion
6645,expense
6646,bios
6647,irrational
6648,negotiate
6649,enforcement
6650,tendency
6651,neighbor
6652,georgia
6653,ohhh
6654,aircraft
6655,colours
6656,specially
6657,ditch
6658,laughter
6659,polished
6660,khanom
6661,rewarding
6662,gmo
6663,hehe
6664,blessed
6665,rebuild
6666,goblin
6667,emphasis
6668,overhead
6669,objectives
6670,admins
6671,imply
6672,incidents
6673,taylor
6674,jeans
6675,manufacturing
6676,wary
6677,fi
6678,inefficient
6679,blah
6680,recognition
6681,owning
6682,underlying
6683,darth
6684,cm
6685,todos
6686,decline
6687,directions
6688,goku
6689,creativity
6690,compound
6691,ho
6692,monitors
6693,raining
6694,towel
6695,bothering
6696,keith
6697,formats
6698,welfare
6699,adapted
6700,harass
6701,drift
6702,shovel
6703,village
6704,spiral
6705,dass
6706,monkey
6707,bonds
6708,searched
6709,bearing
6710,texture
6711,darker
6712,variation
6713,**you
6714,chickens
6715,identifying
6716,serial
6717,kanye
6718,crashes
6719,musical
6720,fatigue
6721,multi
6722,relaxing
6723,losses
6724,buffalo
6725,categories
6726,measuring
6727,proxy
6728,whoops
6729,dependent
6730,affirmative
6731,8.
6732,eagle
6733,critique
6734,cosmetic
6735,cigarette
6736,zelda
6737,disregard
6738,crippling
6739,ahhh
6740,fundamentally
6741,toe
6742,ds
6743,stressed
6744,bunny
6745,bananas
6746,warcraft
6747,siege
6748,burns
6749,cabin
6750,itunes
6751,foster
6752,bobby
6753,zerg
6754,spectacular
6755,pov
6756,strategies
6757,sharks
6758,shaman
6759,kong
6760,faced
6761,licensing
6762,asus
6763,tale
6764,terrorists
6765,branch
6766,jewelry
6767,aimed
6768,c3
6769,rub
6770,represents
6771,mute
6772,uniforms
6773,communicating
6774,routes
6775,baron
6776,permit
6777,tremendous
6778,blamed
6779,strings
6780,messy
6781,announce
6782,severely
6783,symbols
6784,stare
6785,8th
6786,5-10
6787,greatness
6788,fav
6789,separated
6790,promoted
6791,hesitate
6792,managers
6793,divine
6794,browns
6795,inspiration
6796,mech
6797,rode
6798,availability
6799,ruby
6800,survey
6801,eachother
6802,cater
6803,statistical
6804,elemental
6805,ballot
6806,pony
6807,intro
6808,hurry
6809,20s
6810,anonymous
6811,breasts
6812,cookie
6813,`
6814,magma
6815,proved
6816,pedro
6817,slut
6818,rushed
6819,verses
6820,phd
6821,supervisor
6822,pitching
6823,bishop
6824,briefly
6825,brake
6826,adopt
6827,diablo
6828,bombs
6829,goodbye
6830,sich
6831,lasts
6832,logged
6833,lottery
6834,filthy
6835,rainbow
6836,experts
6837,limiting
6838,acted
6839,hobbies
6840,agencies
6841,affordable
6842,certified
6843,meditation
6844,vital
6845,s.
6846,ali
6847,lords
6848,afghanistan
6849,potato
6850,prop
6851,cb
6852,portal
6853,turbo
6854,bioshock
6855,disappear
6856,lacks
6857,divorced
6858,skipped
6859,swimming
6860,johnny
6861,grandpa
6862,"100,000"
6863,secondly
6864,kickstarter
6865,calorie
6866,spine
6867,graham
6868,vampire
6869,että
6870,cargo
6871,heritage
6872,samples
6873,whip
6874,equipped
6875,transparent
6876,butts
6877,fills
6878,lining
6879,possession
6880,constructed
6881,cinnamon
6882,ethernet
6883,cow
6884,inbox
6885,ect
6886,predicted
6887,midnight
6888,flush
6889,corbyn
6890,gathering
6891,addicted
6892,swearing
6893,rapid
6894,communism
6895,whatnot
6896,romans
6897,^any
6898,boo
6899,tens
6900,voter
6901,barring
6902,disappointment
6903,lastly
6904,ipad
6905,sc2
6906,composition
6907,cheaters
6908,phil
6909,russians
6910,sheer
6911,shaped
6912,fireworks
6913,lawsuit
6914,psych
6915,investments
6916,widely
6917,lengths
6918,rangers
6919,temporarily
6920,loot
6921,npc
6922,font
6923,subscribers
6924,professors
6925,starcraft
6926,exotics
6927,bleed
6928,presenting
6929,organizations
6930,dmv
6931,usable
6932,belongs
6933,digging
6934,genres
6935,stubborn
6936,counseling
6937,unwanted
6938,demons
6939,tourist
6940,fictional
6941,vastly
6942,lancer
6943,superman
6944,è
6945,bei
6946,^this
6947,kicker
6948,3/4
6949,storms
6950,3a
6951,critics
6952,unarmed
6953,ankle
6954,framework
6955,extensive
6956,aids
6957,tb
6958,askreddit
6959,populated
6960,tyson
6961,quietly
6962,skeleton
6963,sigh
6964,nazis
6965,theoretically
6966,tobacco
6967,consciousness
6968,009
6969,toby
6970,pads
6971,satire
6972,permanently
6973,interface
6974,pronunciation
6975,statistically
6976,lick
6977,andy
6978,gigantic
6979,agreeing
6980,testament
6981,fifa
6982,consistency
6983,kelly
6984,faggot
6985,apocalypse
6986,oakland
6987,harassment
6988,offices
6989,controversial
6990,span
6991,damaged
6992,theatre
6993,attended
6994,rpg
6995,spear
6996,sperm
6997,pools
6998,detective
6999,specify
7000,junglers
7001,theft
7002,streamers
7003,appearances
7004,sane
7005,figuring
7006,hots
7007,miracle
7008,matrix
7009,straw
7010,sox
7011,hateful
7012,donations
7013,mat
7014,banana
7015,comfortably
7016,disrespectful
7017,attorney
7018,grows
7019,receiver
7020,henry
7021,donated
7022,execute
7023,mud
7024,requested
7025,oppression
7026,gamescom
7027,tinder
7028,teachings
7029,organizing
7030,incapable
7031,kappa
7032,yankees
7033,typo
7034,advertised
7035,rpm
7036,p.
7037,aluminum
7038,ohh
7039,desperately
7040,sour
7041,occurrence
7042,scars
7043,htc
7044,distracted
7045,dl
7046,gum
7047,remindme
7048,enterprise
7049,cocky
7050,skirt
7051,sore
7052,influenced
7053,consult
7054,textures
7055,dang
7056,wallpaper
7057,wrench
7058,shite
7059,profession
7060,functional
7061,lemon
7062,verified
7063,standpoint
7064,breaker
7065,classical
7066,9/11
7067,boil
7068,pe
7069,arizona
7070,primer
7071,breakdown
7072,reflection
7073,assistant
7074,generating
7075,allergic
7076,sheets
7077,stab
7078,tiles
7079,buddies
7080,emissions
7081,raider
7082,downloads
7083,passenger
7084,quot
7085,toss
7086,verbal
7087,inspire
7088,sting
7089,compatibility
7090,reaches
7091,sunset
7092,cig
7093,^^a
7094,principles
7095,quran
7096,f2p
7097,margin
7098,processor
7099,scar
7100,aug
7101,hahahaha
7102,thai
7103,questionable
7104,preserve
7105,stain
7106,madness
7107,chef
7108,fathers
7109,socialism
7110,connecting
7111,poland
7112,1/3
7113,trapped
7114,diving
7115,pitches
7116,ooh
7117,selecting
7118,bully
7119,bounce
7120,nine
7121,destination
7122,renting
7123,freezer
7124,evolved
7125,proposed
7126,unacceptable
7127,respectively
7128,bbc
7129,annoys
7130,thicker
7131,adapt
7132,crate
7133,profitable
7134,essay
7135,stamina
7136,microwave
7137,resident
7138,diagnosed
7139,sadness
7140,illinois
7141,co2
7142,taiwan
7143,packaging
7144,increasingly
7145,hahah
7146,regional
7147,advertise
7148,targeting
7149,entity
7150,expanded
7151,facial
7152,pens
7153,artistic
7154,cave
7155,networking
7156,hail
7157,nur
7158,eric
7159,non-mobile
7160,heavier
7161,dusty
7162,friggin
7163,murphy
7164,fears
7165,closet
7166,kane
7167,rumors
7168,eller
7169,midfield
7170,carter
7171,mil
7172,bleeding
7173,authors
7174,murray
7175,bubbles
7176,middleman
7177,raiding
7178,manipulate
7179,fascinating
7180,vengeance
7181,modified
7182,i’m
7183,venue
7184,stacked
7185,screams
7186,pissing
7187,eligible
7188,theirs
7189,downs
7190,sneaky
7191,orbit
7192,nukes
7193,fond
7194,1v1
7195,introducing
7196,pistol
7197,toxicity
7198,dam
7199,completion
7200,soil
7201,grill
7202,cue
7203,indirect
7204,campaigns
7205,lefty
7206,stepping
7207,persona
7208,bracket
7209,stickied
7210,teenager
7211,executed
7212,с
7213,grades
7214,mortgage
7215,sanity
7216,dallas
7217,troubles
7218,reboot
7219,easter
7220,minnesota
7221,wiped
7222,belts
7223,bats
7224,partially
7225,stigma
7226,tutorials
7227,stomp
7228,blank
7229,taco
7230,gorilla
7231,notices
7232,risks
7233,billions
7234,facility
7235,philosophical
7236,fifteen
7237,punishing
7238,exploited
7239,excessive
7240,influences
7241,misses
7242,bail
7243,contracts
7244,fairness
7245,mounted
7246,sliding
7247,enormous
7248,newspaper
7249,acknowledged
7250,decay
7251,canal
7252,leap
7253,bastards
7254,sock
7255,consumption
7256,chains
7257,12th
7258,retire
7259,arrives
7260,ashley
7261,utah
7262,gaining
7263,splash
7264,merit
7265,suited
7266,docs
7267,sie
7268,dull
7269,rofl
7270,sweep
7271,environmental
7272,meth
7273,ron
7274,pt
7275,rejected
7276,balancing
7277,garlic
7278,gosh
7279,pause
7280,dk
7281,42
7282,metro
7283,coaches
7284,…
7285,**this
7286,distant
7287,preparing
7288,lsu
7289,addictive
7290,ein
7291,represented
7292,descriptions
7293,rad
7294,sacrament
7295,structures
7296,midrange
7297,backpack
7298,meters
7299,punching
7300,capabilities
7301,measurements
7302,prone
7303,legitimately
7304,bounds
7305,cannon
7306,straightforward
7307,unpleasant
7308,researched
7309,fraction
7310,normals
7311,sisters
7312,barcelona
7313,beneath
7314,co-op
7315,flaw
7316,anxious
7317,sheamus
7318,titans
7319,stereotypes
7320,processed
7321,gathered
7322,oregon
7323,grit
7324,*should*
7325,simpler
7326,go-to
7327,ukraine
7328,20+
7329,240
7330,disorders
7331,logically
7332,guts
7333,x2
7334,ua
7335,confuse
7336,saint
7337,scent
7338,dense
7339,facilities
7340,sequence
7341,grid
7342,bros
7343,avoided
7344,requesting
7345,hawks
7346,careers
7347,signature
7348,assertion
7349,locals
7350,underneath
7351,amusing
7352,lipstick
7353,ports
7354,baking
7355,semi
7356,davis
7357,folders
7358,puberty
7359,persistent
7360,scrolls
7361,subscribed
7362,generous
7363,dumping
7364,explosive
7365,competing
7366,pork
7367,lined
7368,trivia
7369,isaac
7370,filler
7371,9.
7372,diversity
7373,assassins
7374,com
7375,quantities
7376,assembly
7377,scrap
7378,messaging
7379,meets
7380,productivity
7381,megathread
7382,magazines
7383,teens
7384,390
7385,syndrome
7386,crossing
7387,nic
7388,cliche
7389,steep
7390,feasible
7391,occasion
7392,tunnel
7393,moto
7394,partly
7395,bien
7396,^the
7397,viewers
7398,junior
7399,rebel
7400,disability
7401,seriousness
7402,necessity
7403,coworker
7404,possibilities
7405,utilize
7406,basement
7407,kate
7408,lube
7409,printer
7410,hacker
7411,bombing
7412,bless
7413,doe
7414,puppies
7415,frustration
7416,implies
7417,regime
7418,1-3
7419,jeff
7420,electronic
7421,charts
7422,respected
7423,fargo
7424,launched
7425,flipping
7426,andra
7427,rot
7428,nj
7429,width
7430,ted
7431,다시보기
7432,joints
7433,jeez
7434,subbed
7435,ditto
7436,radar
7437,lina
7438,processing
7439,studios
7440,monopoly
7441,700
7442,spotify
7443,thumbs
7444,institutions
7445,prank
7446,chin
7447,isp
7448,fret
7449,embrace
7450,contractor
7451,unavailable
7452,animated
7453,tighten
7454,miner
7455,penetration
7456,varying
7457,literal
7458,boner
7459,intersection
7460,laner
7461,eager
7462,perception
7463,berlin
7464,gl
7465,audit
7466,mmm
7467,defenders
7468,hungary
7469,registration
7470,lightly
7471,trophies
7472,cortana
7473,peers
7474,rapidly
7475,magnitude
7476,measured
7477,prestige
7478,finland
7479,alas
7480,burgers
7481,vapor
7482,knights
7483,alter
7484,mutually
7485,illidan
7486,cricket
7487,contacts
7488,islands
7489,positively
7490,fulfilling
7491,addict
7492,keto
7493,hacked
7494,concerts
7495,questioned
7496,rented
7497,tldr
7498,bind
7499,tame
7500,92
7501,forgiveness
7502,julia
7503,wound
7504,ought
7505,criteria
7506,stun
7507,copper
7508,180
7509,locally
7510,sandwiches
7511,gordon
7512,div
7513,minded
7514,glove
7515,masks
7516,admittedly
7517,awarded
7518,kia
7519,pac
7520,colony
7521,judged
7522,steroids
7523,sorted
7524,gank
7525,electricity
7526,firmly
7527,patterns
7528,phenomenal
7529,mma
7530,aus
7531,spends
7532,melt
7533,employment
7534,empathy
7535,pally
7536,wiki_-rule_2-
7537,simon
7538,colored
7539,hung
7540,deadpool
7541,liability
7542,h4
7543,ruled
7544,pillow
7545,t=all
7546,determining
7547,gag
7548,ocd
7549,celebrate
7550,traveled
7551,sustainable
7552,resulting
7553,cersei
7554,foolish
7555,**do
7556,playoff
7557,ascension
7558,underestimate
7559,polling
7560,sjws
7561,operates
7562,bara
7563,greek
7564,full-time
7565,jeremy
7566,threatened
7567,furniture
7568,functioning
7569,insults
7570,chuck
7571,punched
7572,sp
7573,dishonest
7574,oak
7575,origins
7576,appealing
7577,blur
7578,specified
7579,pigs
7580,crop
7581,douche
7582,inconsistent
7583,inevitably
7584,checkout
7585,mary
7586,pockets
7587,srs
7588,retailers
7589,51
7590,mars
7591,healthier
7592,spaghetti
7593,precedent
7594,integrated
7595,plausible
7596,floors
7597,awp
7598,tiene
7599,blessing
7600,upside
7601,umm
7602,pats
7603,dylan
7604,hosts
7605,ordinary
7606,struck
7607,slope
7608,ju
7609,als
7610,observe
7611,cloak
7612,veg
7613,amateur
7614,mindless
7615,header
7616,virginity
7617,70s
7618,buzz
7619,rex
7620,processes
7621,photography
7622,spark
7623,lifted
7624,variations
7625,shy
7626,ep
7627,bulls
7628,violations
7629,checklist
7630,contrast
7631,crystals
7632,cereal
7633,crushing
7634,hw
7635,harmless
7636,attempted
7637,fastest
7638,yawn
7639,rtz
7640,visits
7641,educate
7642,pl
7643,heroic
7644,binge
7645,demanded
7646,cl
7647,rooting
7648,instinct
7649,teammate
7650,lip
7651,crafted
7652,quantum
7653,même
7654,shells
7655,documented
7656,cruise
7657,furthermore
7658,inline
7659,s4
7660,gaza
7661,denying
7662,obesity
7663,calculator
7664,perks
7665,evo
7666,foam
7667,freshman
7668,didn’t
7669,accountable
7670,consequence
7671,dominic
7672,greg
7673,ver
7674,nascar
7675,vac
7676,3x
7677,concerning
7678,vegetables
7679,draws
7680,genes
7681,shaw
7682,respectfully
7683,doot
7684,5-6
7685,transit
7686,headset
7687,mercy
7688,squishy
7689,supporter
7690,consuming
7691,challenged
7692,bumper
7693,ideological
7694,segment
7695,importance
7696,recruit
7697,inspect
7698,ot
7699,ant
7700,ouch
7701,filming
7702,crashing
7703,april
7704,wiki_-rule_1-
7705,lebron
7706,heir
7707,diseases
7708,favors
7709,annual
7710,gasoline
7711,xt
7712,elliot
7713,jackie
7714,redemption
7715,wit
7716,joint
7717,barrels
7718,nutrition
7719,suburbs
7720,wolves
7721,philly
7722,slightest
7723,geared
7724,atk
7725,snapshots
7726,velocity
7727,faulty
7728,cheats
7729,clarity
7730,density
7731,kite
7732,producers
7733,canadians
7734,*^
7735,^^for
7736,ct
7737,sway
7738,coworkers
7739,banking
7740,accessories
7741,universally
7742,adderall
7743,moose
7744,trainer
7745,ranges
7746,cakes
7747,grants
7748,to=/r/friendsafari
7749,positioning
7750,cafe
7751,uploading
7752,modules
7753,60s
7754,shifted
7755,instincts
7756,endure
7757,squeeze
7758,voat
7759,rotten
7760,voltage
7761,temperatures
7762,sb
7763,dramatically
7764,lsd
7765,o_o
7766,inflammation
7767,devastating
7768,4.5
7769,travelling
7770,purchasing
7771,photoshopped
7772,thorn
7773,demonstrate
7774,puns
7775,ou
7776,tissue
7777,jasper
7778,corners
7779,wraps
7780,lowering
7781,stressful
7782,cigarettes
7783,upwards
7784,nevermind
7785,tor
7786,arse
7787,proc
7788,solomon
7789,diagnosis
7790,translated
7791,cobra
7792,childfree
7793,hazard
7794,grams
7795,females
7796,160
7797,braking
7798,smallest
7799,animations
7800,pinch
7801,restrict
7802,^feedback
7803,destroys
7804,receivers
7805,simplicity
7806,inquire
7807,130
7808,-1
7809,mag
7810,mets
7811,trauma
7812,sphere
7813,^code
7814,opt
7815,leaf
7816,paragraphs
7817,writes
7818,slack
7819,retro
7820,partition
7821,voluntary
7822,rocking
7823,wipes
7824,jamie
7825,ace
7826,gvg
7827,^please
7828,revolutionary
7829,sail
7830,tenure
7831,heals
7832,protocol
7833,edges
7834,institution
7835,radiator
7836,bmi
7837,bolsa
7838,portions
7839,^source
7840,flop
7841,remembering
7842,commons
7843,inb4
7844,campbell
7845,condescending
7846,his/her
7847,pole
7848,aligned
7849,thighs
7850,**1.
7851,lookin
7852,variables
7853,countless
7854,cheek
7855,lan
7856,resolved
7857,reception
7858,shes
7859,smelly
7860,leveled
7861,350
7862,prevented
7863,plugin
7864,^and/or
7865,owens
7866,outstanding
7867,firearms
7868,affecting
7869,offend
7870,980
7871,nerfs
7872,arrows
7873,caves
7874,presidential
7875,bee
7876,detta
7877,crota
7878,exceptionally
7879,valued
7880,infants
7881,paycheck
7882,distract
7883,r.i.p
7884,zed
7885,tar
7886,privileged
7887,optimistic
7888,reserves
7889,sanchez
7890,iceland
7891,province
7892,gravel
7893,mythology
7894,diamonds
7895,begun
7896,linear
7897,dave
7898,muh
7899,^/u/swim1929
7900,differ
7901,frog
7902,statue
7903,lawrence
7904,fraud
7905,effectiveness
7906,worldwide
7907,shaming
7908,blindly
7909,insert
7910,ramsey
7911,cyclist
7912,subjects
7913,clueless
7914,punisher
7915,thorough
7916,infection
7917,stunt
7918,experimental
7919,cycling
7920,sailor
7921,apt
7922,trajectory
7923,potions
7924,surveys
7925,taker
7926,deaf
7927,disagreed
7928,locking
7929,excitement
7930,rockets
7931,cruel
7932,quad
7933,nick
7934,horrific
7935,bane
7936,gal
7937,inaccurate
7938,fare
7939,mandarin
7940,leaking
7941,hug
7942,credibility
7943,sketchy
7944,토렌
7945,nudity
7946,balloon
7947,operator
7948,attending
7949,mmos
7950,hilariously
7951,shouting
7952,household
7953,rhythm
7954,inspection
7955,tenant
7956,reproduce
7957,activated
7958,feeds
7959,workshop
7960,stacking
7961,ideals
7962,starbucks
7963,eligh
7964,sailing
7965,err
7966,editor
7967,soak
7968,identified
7969,sniped
7970,subsequent
7971,fabric
7972,notable
7973,tj
7974,^with
7975,certificate
7976,/sp
7977,agricultural
7978,vendors
7979,retain
7980,pouring
7981,flairs
7982,apprentice
7983,diplomatic
7984,gesture
7985,hong
7986,greed
7987,farmer
7988,disguise
7989,targaryen
7990,hypothetical
7991,mushrooms
7992,porque
7993,ppr
7994,wider
7995,laundry
7996,circlejerk
7997,fortune
7998,operaciones
7999,delta
